,Unnamed: 0,user_no,user_name,mr_sect_no,trade_sort,use_type_code,meter_calibre,user_ms_type
4,6935102,0006935102,东山钢瓶厂,1061112010,混合商业,经营服务用水,,计费
5,6935030,0006935030,三茂铁路公司办公室,1061192010,水疗馆,特种用水,,计费
6,6618676,0006618676,黄仁强,1063042010,居民（旧）,居民生活,15.0,计费
7,6619318,0006619318,王爱兰（低保）,1063212010,居民（旧）,居民生活,15.0,计费
8,6619334,0006619334,黄腾开（低保）,1063212010,低保户（旧）,居民生活,15.0,计费
9,6617338,0006617338,罗瑞娥（低保）,1063202010,居民家庭,居民生活,15.0,计费
11,6623799,0006623799,曹合容（低保）,35720070,居民（旧）,居民生活,15.0,考核
12,6623962,0006623962,潘炳坤（低保）,1063212010,低保户（旧）,居民生活,15.0,计费
13,6622015,0006622015,梁雪莹（低保）,1063212010,城市居民（旧）,居民生活,15.0,计费
15,324739,0000324739,广州省广州市监狱（监舍区）,1063332010,单位/集体宿舍,居民生活,,计费
21,16080687,0016080687,军械部中型修理部,1061172010,混合商业,经营服务用水,,计费
23,480273,0000480273,广州市协和中学,1063332010,学校用水,学校用水,150.0,计费
26,480433,0000480433,广州第一中学,35720030,商业,经营服务用水,,计费
32,483331,0000483331,省财贸管理干部学院,1063392010,商业,经营服务用水,,计费
78,469311,0000469311,华康地空开发有限公司(刘红兵),1063252010,建筑业,工业用水,40.0,计费
82,467458,0000467458,市茶叶公司,1063352010,商业,经营服务用水,,计费
88,470849,0000470849,羊城铁路总公司广州车辆段(53483的副页,1063372010,居民家庭,居民生活,,计费
89,466022,0000466022,李裕兴针织厂,1063252010,饮旅业,经营服务用水,100.0,计费
109,481566,0000481566,广州市白云区石井槎龙村物业管理部,1033492010,商业,经营服务用水,,计费
116,477215,0000477215,广州市矿泉游泳场,1063402010,居民家庭,居民生活,,计费
145,485698,0000485698,广州市医药公司健民医药连锁店,1063172010,商业,经营服务用水,100.0,计费
165,430799,0000430799,广铁客技站宿舍,1063402010,单位/集体宿舍,居民生活,,计费
194,429144,0000429144,市煤建公司,1063312010,建筑业,工业用水,100.0,计费
254,495569,0000495569,广州市同盈实业有限公司,1013422010,商业,经营服务用水,,计费
255,495572,0000495572,广州市同盈实业有限公司,1013422010,农村/城中村总表民用,居民生活,,计费
256,495585,0000495585,广州市同盈实业有限公司,1013422010,商业,经营服务用水,,计费
262,495631,0000495631,广州市同粤实业有限公司,1013432010,商业,经营服务用水,,计费
263,495716,0000495716,广州市同上实业有限公司,1013442010,商业,经营服务用水,,计费
298,508807,0000508807,广州建材企业集团有限公司穗花分公司,35720020,居民（旧）,居民生活,100.0,计费
302,488567,0000488567,广州市流花湖公园,1063232010,商业,经营服务用水,,计费
303,488570,0000488570,广州市流花湖公园,1063232010,行政,行政事业,,计费
304,502939,0000502939,广州市水电设备安装公司第四工程处,35720020,建筑业,工业用水,,计费
322,498555,0000498555,广州市荔湾湖公园,1063032010,商业,经营服务用水,,计费
335,497158,0000497158,广州军区联勤部广州流花湖离职干部休养所,1063372010,商业,经营服务用水,,计费
346,499662,0000499662,广州市同骏实业有限公司,1013452010,商业,经营服务用水,200.0,计费
349,506540,0000506540,广州市西城物业管理有限公司,1063382010,居民家庭,居民生活,,计费
350,506553,0000506553,广州市西城物业管理有限公司,1063382010,行政,行政事业,,计费
351,506566,0000506566,广州市白云区同德物业管理部,1013432010,商业,经营服务用水,,计费
352,506579,0000506579,广州市白云区同德物业管理部,1013432010,农村/城中村总表民用,居民生活,,计费
360,497800,0000497800,中国土产畜产广东茶叶进出口公司,1063062010,居民家庭,居民生活,,计费
362,497839,0000497839,广州金麒麟食品有限公司,1063252010,其他工业,工业用水,,计费
414,498542,0000498542,广州市荔湾湖公园,1063032010,商业,经营服务用水,,计费
430,483676,0000483676,广州市粤威综合加工厂,1033492010,单位/集体宿舍,居民生活,,计费
444,506319,0000506319,白天鹅宾馆,1063142010,水疗馆,特种用水,,计费
461,508663,0000508663,广州市自来水工程公司,1013432010,商业,经营服务用水,100.0,计费
462,492065,0000492065,广州市白云区松洲街螺涌村水电组,1033502010,商业,经营服务用水,,计费
467,495602,0000495602,广州市同溢实业有限公司,1013422010,商业,经营服务用水,,计费
499,9832158,0009832158,广州市地下铁道总公司,2018112010,建筑业,经营服务用水,,计费
504,1979594,0001979594,白云区京溪小学,1021042010,学校用水,学校用水,,计费
505,1979608,0001979608,白云区京溪村,1021042010,混合商业,经营服务用水,,计费
506,1979682,0001979682,广州钢瓶五金制品厂,1061112010,混合商业,经营服务用水,,计费
510,1978924,0001978924,广州海洋地质调查局,1061122010,混合商业,经营服务用水,,计费
511,1978937,0001978937,广州海洋地质调查局,1061122010,行政,行政事业,,计费
517,1977341,0001977341,军区司令部工程部,1061302010,混合商业,经营服务用水,,计费
521,1953174,0001953174,南方工贸总公司,1061322010,居民家庭,居民生活,,计费
527,1990182,0001990182,广东省粮油发展公司,1061182010,纤体减肥,经营服务用水,,计费
537,1985492,0001985492,广州大道北甘园路	,1021052010,部队小区,居民生活,,计费
544,1947351,0001947351,梅花园宾馆宿舍,1021042010,单位/集体宿舍,居民生活,,计费
546,1947436,0001947436,白云农工商联合公司场部,1021022010,混合商业,经营服务用水,,计费
567,1977022,0001977022,军区特运办事处,1061172010,宾馆,经营服务用水,,计费
569,1990629,0001990629,白云区同和村委会--新苑小区,1021032010,混合商业,经营服务用水,,计费
573,1977514,0001977514,广州市天河区兴华街银河股份合作经济联社,1021052010,学校用水,学校用水,,计费
578,1948657,0001948657,中国人民解放军61156部队,1061162010,其他商业,经营服务用水,,计费
604,1949722,0001949722,广空干休所宿舍,1061112010,混合商业,经营服务用水,,计费
616,2009357,0002009357,京溪村民委员会,1021052010,混合商业,经营服务用水,,计费
624,2007667,0002007667,省军区第一招待所,1021042010,部队小区,居民生活,,计费
649,2267962,0002267962,中国人民解放军第四五八医院,1021052010,单位/集体宿舍,居民生活,,计费
660,2260697,0002260697,华燕宾馆,1061122010,居民家庭,居民生活,,计费
667,2267018,0002267018,广州军区后勤部,1061212010,居民家庭,居民生活,,计费
668,2267034,0002267034,广州军区后勤部,1061212010,混合商业,经营服务用水,,计费
673,2267412,0002267412,广州市东建实业总公司,1061222010,夜总会,经营服务用水,,计费
675,2273727,0002273727,执信中学,1061192010,混合商业,经营服务用水,,计费
678,2275055,0002275055,广东教学仪器厂,1061122010,其他工业,工业用水,,计费
681,2255503,0002255503,广东电视台,1061152010,建筑业,工业用水,,计费
684,2255662,0002255662,警备区司令部宿舍,1061382010,行政,行政事业,,计费
694,2269287,0002269287,军医大学,1021032010,混合商业,经营服务用水,,计费
698,2258759,0002258759,同和村委会一队,1021022010,混合商业,经营服务用水,,计费
699,2258762,0002258762,同和乡蟾蜍村,1021022010,混合商业,经营服务用水,,计费
709,2280149,0002280149,珠江宾馆宿舍,1061302010,饮食业,经营服务用水,,计费
712,2277471,0002277471,广州军区第一招待所,1061192010,居民家庭,居民生活,,计费
726,2281474,0002281474,省职工体育运动技术学院,1041412010,混合商业,经营服务用水,,计费
732,2253868,0002253868,中共广东省委党校,1061212010,混合商业,经营服务用水,,计费
735,2295246,0002295246,军区工程处,1061302010,混合商业,经营服务用水,,计费
737,2285652,0002285652,市21中学,1061152010,行政,行政事业,,计费
754,2271529,0002271529,广州动物圆,1061122010,饮食业,经营服务用水,,计费
765,2262576,0002262576,同和乡政府,1021022010,混合商业,经营服务用水,,计费
771,2252302,0002252302,８７１８２部队四大队,1061112010,混合商业,经营服务用水,,计费
772,2252360,0002252360,南方日报社,1061282010,混合商业,经营服务用水,,计费
775,2275488,0002275488,广东省药材公司综合楼,1061262010,单位/集体宿舍,居民生活,,计费
785,2256610,0002256610,天心制药厂,1061312010,抄表到户居民家庭,居民生活,,计费
787,2266217,0002266217,同和村委会白水塘队,1021022010,混合商业,经营服务用水,,计费
790,2268558,0002268558,空军司令部,1061122010,混合商业,经营服务用水,,计费
791,2268561,0002268561,空军司令部,1061122010,行政,行政事业,,计费
798,2274007,0002274007,８７４７３部队（梅州大夏）,1061162010,行政,行政事业,,计费
799,2274010,0002274010,８７４７３部队（梅州大夏）,1061162010,混合商业,经营服务用水,,计费
802,2271079,0002271079,银行疗养院,1061142010,饮食业,经营服务用水,,计费
804,2266262,0002266262,54429部队,1021052010,其他工业,工业用水,,计费
807,2266448,0002266448,同和村蟹山经济合作社,1021052010,混合商业,经营服务用水,,计费
808,2266451,0002266451,握山一队,1021052010,混合商业,经营服务用水,,计费
810,2266477,0002266477,握山村第二经济合作社,1021052010,混合商业,经营服务用水,,计费
814,2273033,0002273033,广州广司经营服务中心,1061302010,饮食业,经营服务用水,,计费
820,2262794,0002262794,南方医院,1021022010,单位/集体宿舍,居民生活,,计费
823,2273264,0002273264,梅县地区驻穗办事处,1061082010,单位/集体宿舍,居民生活,,计费
829,2256678,0002256678,军区后勤部企业局,1061262010,居民家庭,居民生活,,计费
831,2275534,0002275534,广州部队４０１部队,1061302010,混合商业,经营服务用水,,计费
832,2275547,0002275547,广州部队４０１部队,1061302010,居民家庭,居民生活,,计费
833,2275550,0002275550,军区后勤部农场,1021052010,居民家庭,居民生活,,计费
841,2251732,0002251732,滔金北管理处,1061152010,饮旅业,经营服务用水,,计费
846,2266507,0002266507,握山二队,1021052010,混合商业,经营服务用水,,计费
856,2270340,0002270340,广州军区后勤连,1061172010,宾馆,经营服务用水,,计费
873,2280891,0002280891,广州军区政治部艺星招待所,1061252010,居民家庭,居民生活,,计费
924,2298883,0002298883,同和公司白云村,1021022010,混合商业,经营服务用水,,计费
925,2298942,0002298942,海南农垦驻广州办事处,1061072010,居民家庭,居民生活,,计费
934,2288606,0002288606,深圳市中金岭南有色金属股份有限公司韶关冶炼厂,1061252010,单位/集体宿舍,居民生活,,计费
957,2295813,0002295813,广州军械转运站,1061142010,居民家庭,居民生活,,计费
967,2285199,0002285199,广州军区司令部车队,1021052010,居民家庭,居民生活,,计费
971,2287629,0002287629,广东南湖旅游中心,1021022010,抄表到户居民家庭,居民生活,,计费
973,2290818,0002290818,中心血站宿舍,1061152010,单位/集体宿舍,居民生活,,计费
975,2290906,0002290906,广空司令部,1061212010,混合商业,经营服务用水,,计费
998,2293354,0002293354,远洋公司,1061192010,单位/集体宿舍,居民生活,,计费
1005,2277804,0002277804,东山宾馆,1061242010,单位/集体宿舍,居民生活,,计费
1015,2318064,0002318064,军区司令部综合加工厂,1061302010,混合商业,经营服务用水,,计费
1025,2315935,0002315935,黄花岗公园,1061162010,饮旅业,经营服务用水,,计费
1028,2315993,0002315993,广东松园宾馆,1021022010,居民家庭,居民生活,,计费
1030,2302339,0002302339,市政工程机械施工有限公司设备部,1061082010,机械业,工业用水,,计费
1031,2307031,0002307031,广州地震局,1061162010,行政,行政事业,,计费
1040,2318149,0002318149,第一军区大学广州干休所,1021042010,居民家庭,居民生活,,计费
1043,2318400,0002318400,大上海酒店,1061262010,混合商业,经营服务用水,,计费
1051,2307044,0002307044,广州地震局,1061162010,混合商业,经营服务用水,,计费
1061,2320768,0002320768,军区后勤沿江干修所,1061372010,混合商业,经营服务用水,,计费
1063,2320814,0002320814,省财政厅,1061212010,单位/集体宿舍,居民生活,,计费
1075,2300825,0002300825,白云管理处,1061072010,饮旅业,经营服务用水,,计费
1078,2304784,0002304784,省舞蹈学校,1061102010,商业,经营服务用水,,计费
1089,2316303,0002316303,广州军区司令防化学校,1021022010,农村/城中村抄表到楼,居民生活,,计费
1090,2316374,0002316374,白云山药厂原料基地,2028022010,居民（旧）,居民生活,,计费
1108,2308597,0002308597,市城建开发集团有限公司,1041412010,混合商业,经营服务用水,,计费
1112,2320263,0002320263,白云公司双燕畜牧场,1061072010,抄表到户居民家庭,居民生活,,计费
1115,2286219,0002286219,广后卫生防疫队,1061172010,单位/集体宿舍,居民生活,,计费
1118,2316710,0002316710,市第一公共汽车公司,1061122010,居民家庭,居民生活,,计费
1125,2317742,0002317742,广州华乐制药厂,1021052010,单位/集体宿舍,居民生活,,计费
1126,2317768,0002317768,省华侨农场管理局,1061262010,单位/集体宿舍,居民生活,,计费
1129,2315759,0002315759,署前宾馆,1061392010,居民家庭,居民生活,,计费
1143,2301310,0002301310,军区后勤部农场,1021052010,混合商业,经营服务用水,,计费
1152,2282725,0002282725,白灰场村,1021052010,混合商业,经营服务用水,,计费
1153,2282738,0002282738,京溪乡白灰场村,1021052010,混合商业,经营服务用水,,计费
1155,2320579,0002320579,省探矿机械厂,1021062010,机械业,工业用水,,计费
1157,2320595,0002320595,省探矿机械厂,1021062010,混合商业,经营服务用水,,计费
1162,2306386,0002306386,广东省交通厅,1061362010,混合商业,经营服务用水,,计费
1164,2314219,0002314219,中国邮电工业总公司广州办事处,1061192010,单位/集体宿舍,居民生活,,计费
1176,2314394,0002314394,市业余大学,1061122010,混合商业,经营服务用水,,计费
1214,2311409,0002311409,广州市空军医院,1061182010,混合商业,经营服务用水,,计费
1225,2476748,0002476748,广州市芳村区花地街办事处,3065012010,商业,经营服务用水,,计费
1228,2478526,0002478526,广州市荔湾区海龙街龙溪股份合作经济联合社,3075012010,其他工业,工业用水,,计费
1229,2478539,0002478539,广州市荔湾区海龙街龙溪股份合作经济联合社,3075012010,混合商业,经营服务用水,,计费
1230,2478542,0002478542,广州市荔湾区中南街海中股份合作经济联合社,3075012010,其他工业,工业用水,,计费
1231,2478555,0002478555,广州市荔湾区中南街海中股份合作经济联合社,3075012010,商业,经营服务用水,,计费
1232,2478568,0002478568,广州市荔湾区海龙街海北股份合作经济联合社,3075012010,混合商业,经营服务用水,,计费
1233,2478571,0002478571,广州市荔湾区海龙街海北股份合作经济联合社,3075012010,其他工业,工业用水,,计费
1234,2478584,0002478584,广州空军房地产管理处海南军营,3075012010,其他工业,工业用水,,计费
1235,2479792,0002479792,沙凤村,54119000,其他工业,工业用水,,计费
1238,2479200,0002479200,广州市荔湾区海龙街龙溪股份合作经济联合社,3075012010,混合商业,经营服务用水,,计费
1239,2480578,0002480578,广州市荔湾区中南街海南股份合作经济联合社,3075012010,商业,经营服务用水,,计费
1240,2480581,0002480581,广州市荔湾区中南街海南股份合作经济联合社,3075012010,行政,行政事业,,计费
1241,2480594,0002480594,广州市荔湾区中南街海南股份合作经济联合社,3075012010,其他工业,工业用水,,计费
1242,2480611,0002480611,广州市白云区金沙街沙凤股份合作经济联合社,3105012010,其他行政,行政事业,,计费
1243,2480624,0002480624,广州市白云区金沙街沙凤股份合作经济联合社,3105022010,混合商业,经营服务用水,,计费
1244,2481454,0002481454,广州市白云区金沙街横沙经济联合社,3105032010,商业,经营服务用水,,计费
1245,2481467,0002481467,广州市荔湾区体育局,3075012010,其他商业,经营服务用水,,计费
1247,2472368,0002472368,广州市荔湾区中南街海南股份合作经济联合社,3075012010,农村/城中村总表民用,居民生活,100.0,计费
1250,2462439,0002462439,广州市白云区金沙街沙凤股份合作经济联合社,3105012010,农村/城中村总表民用,居民生活,150.0,计费
1257,2487423,0002487423,真光中学,3065142010,建筑业,经营服务用水,,计费
1273,2636678,0002636678,广州市荔湾区中南街海南股份合作经济联合社,3075012010,建筑业,经营服务用水,100.0,计费
1277,2640189,0002640189,广州市机电技工学校,3065022010,学校用水,学校用水,100.0,计费
1281,2640408,0002640408,广州电池厂,3065162010,化工业,工业用水,,计费
1292,2636144,0002636144,广州市荔湾区中南街海中股份合作经济联合社,3075012010,其他工业,工业用水,,计费
1300,2644107,0002644107,广州美晨股份有限公司,3065162010,其他工业,工业用水,,计费
1302,2644237,0002644237,广州自行车链条厂(税户),3065012010,其他工业,工业用水,100.0,计费
1309,2640802,0002640802,广州复印机厂,3065122010,商业,经营服务用水,,计费
1310,2640860,0002640860,广州市穗港米业有限公司,3065012010,其他工业,工业用水,,计费
1311,2640932,0002640932,广州市花卉科技园有限公司,3075012010,其他工业,工业用水,200.0,计费
1313,2641094,0002641094,广州市荔湾区海龙街增窖股份合作经济联合社,3075012010,其他工业,工业用水,,计费
1315,2641124,0002641124,广州市荔湾区海龙街增滘股份合作经济联合社,3075012010,农村/城中村总表民用,居民生活,100.0,计费
1329,2620389,0002620389,广州市荔湾区中南街海南股份合作经济联合社,3075012010,农村/城中村总表民用,居民生活,150.0,计费
1342,2641225,0002641225,广州市荔湾区海龙街增滘股份合作经济联合社,3075012010,其他工业,工业用水,100.0,计费
1365,2637727,0002637727,广州市荔湾区茶滘街葵蓬股份合作经济联合社,3085052010,其他工业,工业用水,,计费
1366,2637730,0002637730,广州市荔湾区茶滘街葵蓬股份合作经济联合社,3085052010,混合商业,经营服务用水,,计费
1367,2637743,0002637743,广州市荔湾区茶滘街葵蓬股份合作经济联合社,3085052010,其他行政,行政事业,,计费
1368,2637756,0002637756,葵蓬大队 (电话:8891854),3085052010,商业,经营服务用水,150.0,计费
1405,2643999,0002643999,广州市东方纸箱公司,3065162010,其他工业,工业用水,,计费
1432,2817499,0002817499,省计划干部培训中心,1062182010,宾馆,经营服务用水,,计费
1479,2893815,0002893815,文物商店(副业),1062302010,商业,经营服务用水,,计费
1485,2970585,0002970585,肇庆地区驻穗办,1062132010,居民家庭,居民生活,,计费
1486,3141481,0003141481,省岭南工业进出口公司,1062072010,（原）特殊,经营服务用水,,计费
1487,3141494,0003141494,广州市金惠房产建设有限公司,1062152010,行政,行政事业,,计费
1491,3185924,0003185924,肇庆地区驻穗办,1062132010,夜总会,经营服务用水,,计费
1498,3182215,0003182215,省商业局招待所,1062262010,浴足,经营服务用水,,计费
1524,3291102,0003291102,广州天佳房地产有限公司,1062242010,建筑业,经营服务用水,,计费
1571,3415841,0003415841,广州医学院,1062102010,混合商业,经营服务用水,,计费
1602,3425057,0003425057,市人防办,1062022010,部队小区,居民生活,,计费
1606,3444838,0003444838,广州市金盛房地产开发有限公司,1062302010,混合商业,经营服务用水,,计费
1608,3444942,0003444942,市工人文化宫,1062302010,行政,行政事业,,计费
1636,3434316,0003434316,广州市工业经济发展公司,1062162010,商业,经营服务用水,,计费
1650,3445378,0003445378,军区后勤部物资供应,1062342010,商业,经营服务用水,,计费
1658,3440689,0003440689,市羊城兆业集团公司,1062212010,宾馆,经营服务用水,,计费
1663,3436514,0003436514,省计委(副页)占50%,1062122010,单位/集体宿舍,居民生活,,计费
1671,3427301,0003427301,广州空军后勤部,1062112010,行政,行政事业,,计费
1672,3427314,0003427314,广州空军后勤部,1062112010,混合商业,经营服务用水,,计费
1695,3421228,0003421228,广州空军后勤部,1062112010,混合商业,经营服务用水,,计费
1727,3441738,0003441738,广州师范学院(副页),1062052010,饮旅业,经营服务用水,,计费
1750,3428085,0003428085,市科学技术交流中心,1062062010,单位/集体宿舍,居民生活,,计费
1781,3445798,0003445798,广州日报营业宿舍大楼,1062212010,单位/集体宿舍,居民生活,,计费
1807,3454493,0003454493,友谊剧院,1062092010,居民家庭,居民生活,,计费
1819,3432017,0003432017,市园林材料科研所,1062072010,商业,经营服务用水,,计费
1821,3432163,0003432163,广州军区后勤部老干所,1062182010,行政,行政事业,,计费
1827,3445974,0003445974,华茂中心,1062092010,浴足,经营服务用水,,计费
1828,3445987,0003445987,华茂中心,1062092010,行政,行政事业,,计费
1838,3456936,0003456936,广州中医学院(副页),1062042010,饮旅业,经营服务用水,,计费
1843,3435335,0003435335,市电话管理所宿舍,1062272010,邮电通讯,经营服务用水,150.0,计费
1851,3449455,0003449455,广州冶炼机械厂,1062022010,混合商业,经营服务用水,,计费
1905,3450446,0003450446,四省驻穗办事处,1062072010,商业,经营服务用水,,计费
1909,3450589,0003450589,泰康城广场(北秀实业公司),1062292010,居民家庭,居民生活,,计费
1921,3444157,0003444157,金鹰大厦(副业),1062132010,商业,经营服务用水,,计费
1989,6284985,0006284985,新塘镇人民政府,2106012010,商业,经营服务用水,,计费
1990,3826586,0003826586,广州市南力恒房地产建设有限公司,3114712010,居民家庭,居民生活,100.0,计费
2010,3815289,0003815289,华南理工大学(新校区),3054012010,学校用水,学校用水,300.0,计费
2026,3909049,0003909049,海军91708部队司令部管理处,3114762010,单位/集体宿舍,居民生活,,计费
2043,3892536,0003892536,石溪第五经济合作社 (84356989),3114312010,农村/城中村总表民用,居民生活,100.0,计费
2047,3840421,0003840421,广东富润物业经营管理有限公司,3114592010,商业,经营服务用水,,计费
2057,3877092,0003877092,上冲村,3114722010,商业,经营服务用水,,计费
2058,3877106,0003877106,新窖东风村第四经济社,3114722010,商业,经营服务用水,,计费
2060,3877366,0003877366,新窖镇鹭江五社,3114672010,商业,经营服务用水,,计费
2061,3877379,0003877379,广州英华房地产实业有限公司,3114332010,商业,经营服务用水,,计费
2062,3877395,0003877395,池窖南大街村民用水,3114752010,商业,经营服务用水,,计费
2063,3877467,0003877467,三窖村民委员会,3114742010,商业,经营服务用水,,计费
2064,3877470,0003877470,池窖村,3114742010,商业,经营服务用水,,计费
2065,3877496,0003877496,三窖村西绿村,3114742010,商业,经营服务用水,,计费
2066,3877500,0003877500,三窖第八经济合作社,3114742010,商业,经营服务用水,,计费
2067,3893412,0003893412,三窖村委会(工业区),3114742010,商业,经营服务用水,,计费
2090,14805093,0014805093,东山区工商业联会,1061332010,行政,行政事业,,计费
2100,3954052,0003954052,河南园艺场,3114692010,商业,经营服务用水,,计费
2104,3936447,0003936447,新窖镇石溪第二经济合作社,3114312010,建筑业,经营服务用水,100.0,计费
2106,3954733,0003954733,海军91708部队司令部管理处,3114762010,行政,行政事业,200.0,计费
2112,4378150,0004378150,东风村第七经济合作社,3114722010,商业,经营服务用水,,计费
2114,4378189,0004378189,东风村第六经济社,3114722010,商业,经营服务用水,,计费
2121,4378277,0004378277,瑞宝第二经济合作社,3114492010,其他工业,工业用水,,计费
2134,4384188,0004384188,瑞宝第五经济合作社,3114492010,商业,经营服务用水,,计费
2146,4386634,0004386634,仑头村委会,3024012010,商业,经营服务用水,,计费
2170,4385888,0004385888,广东陆军预备役一团,3114682010,部队小区,居民生活,,计费
2176,4386126,0004386126,长洲镇上庄片,3044012010,商业,经营服务用水,,计费
2188,4428262,0004428262,第一军医大学珠江医院,3114282010,居民家庭,居民生活,,计费
2198,4420604,0004420604,中山大学,3114552010,商业,经营服务用水,,计费
2222,4408000,0004408000,广州航道局船舶修造厂,04G820000,机械业,工业用水,,计费
2226,4418128,0004418128,瑞宝第二经济合作社,3114492010,其他工业,工业用水,,计费
2229,4415536,0004415536,华南物资供应站,3114102010,饮旅业,经营服务用水,,计费
2235,4387738,0004387738,海军第三职工大学,3114572010,单位/集体宿舍,居民生活,100.0,计费
2236,4387741,0004387741,海军第二职工大学,04G320000,饮旅业,经营服务用水,,计费
2243,4387187,0004387187,市纺织进出口仓库,3114482010,商业,经营服务用水,100.0,计费
2245,4387204,0004387204,市疏菜研究所,3014012010,行政,行政事业,,计费
2250,4413123,0004413123,广州缝纫机工业大院,3114632010,商业,经营服务用水,150.0,计费
2274,4378479,0004378479,新窖涌村,3114762010,商业,经营服务用水,,计费
2278,4445438,0004445438,省三建房产公司,1061152010,商业,经营服务用水,,计费
2288,4389011,0004389011,软轴钢窗厂,3114612010,（原）特殊,经营服务用水,,计费
2290,4378798,0004378798,瑞宝村工业基地,3114492010,居民（旧）,居民生活,,计费
2291,4378802,0004378802,瑞宝村工业基地 84449138黄朝礼,3114492010,其他工业,工业用水,150.0,计费
2301,4411446,0004411446,副页,3044012010,商业,经营服务用水,,计费
2302,4411459,0004411459,长洲镇深井村委,3044012010,农村/城中村总表民用,居民生活,100.0,计费
2306,4401520,0004401520,市红十字会医院,3114192010,建筑业,经营服务用水,,计费
2311,4421913,0004421913,海军广州基地后勤部干休所,3114702010,商业,经营服务用水,,计费
2316,4424316,0004424316,新洲生产队,3014022010,商业,经营服务用水,,计费
2359,4412423,0004412423,南海舰队干休所,3114762010,商业,经营服务用水,,计费
2360,4417561,0004417561,沙溪二村,3114482010,商业,经营服务用水,,计费
2364,4415389,0004415389,瑞宝村第四经济村,3114492010,商业,经营服务用水,,计费
2373,4398338,0004398338,东风乡第二经济合作社,3114742010,其他工业,工业用水,150.0,计费
2374,4398341,0004398341,东风乡第二经济合作社,3114742010,居民家庭,居民生活,,计费
2376,4413631,0004413631,东风乡第一经济合作社,3114722010,商业,经营服务用水,,计费
2379,4413703,0004413703,广州市农业科学研究所(84216234),3014012010,单位/集体宿舍,居民生活,100.0,计费
2383,2295389,0002295389,市民政局,1061102010,商业,经营服务用水,,计费
2390,4420923,0004420923,石基村,3014022010,商业,经营服务用水,,计费
2395,4412869,0004412869,广州军区医学院177医院,3114762010,商业,经营服务用水,,计费
2396,4412872,0004412872,177医院,3114762010,单位/集体宿舍,居民生活,,计费
2402,4404183,0004404183,广州军区卫校,3114762010,商业,经营服务用水,,计费
2407,4414269,0004414269,瑞宝村第一经济合作社,3114322010,商业,经营服务用水,,计费
2425,4409511,0004409511,龙潭大队,3114722010,商业,经营服务用水,,计费
2429,4414315,0004414315,瑞宝第一经济合作社,3114322010,商业,经营服务用水,,计费
2431,4414331,0004414331,新窖土华村第八生产社,3034012010,商业,经营服务用水,,计费
2433,4409641,0004409641,黄埔村委会,3014022010,商业,经营服务用水,,计费
2437,4409771,0004409771,东风第四合作社,3114722010,商业,经营服务用水,,计费
2441,4491604,0004491604,国家海洋局南海分局,3044012010,商业,经营服务用水,,计费
2448,4406570,0004406570,东风村八.九社,3114722010,商业,经营服务用水,,计费
2450,4416526,0004416526,新窖东风三社,3114722010,商业,经营服务用水,,计费
2454,4389398,0004389398,省化学工业学校,3024012010,学校用水,学校用水,100.0,计费
2456,4389457,0004389457,江南大酒店,3114252010,（原）其他特种,经营服务用水,,计费
2479,4427591,0004427591,建新电器厂,3114642010,商业,经营服务用水,,计费
2482,4427634,0004427634,中南美术院(广州美院),3114432010,饮旅业,经营服务用水,,计费
2494,4402116,0004402116,石溪第七经济合作社,3114312010,商业,经营服务用水,,计费
2495,4402129,0004402129,石溪第三经济合作社,3114312010,商业,经营服务用水,,计费
2498,4417242,0004417242,瑞宝村第六经济合作社,3114492010,商业,经营服务用水,,计费
2509,6319856,0006319856,黄埔发电厂生活区,2096022010,建筑业,经营服务用水,,计费
2514,4436469,0004436469,东亚酒店,1062262010,浴足,经营服务用水,,计费
2518,6320010,0006320010,黄埔公社食品厂,2076042010,建筑业,经营服务用水,,计费
2533,6320179,0006320179,大沙镇双沙村委第三经济社,2096022010,商业,经营服务用水,,计费
2539,6320313,0006320313,黄埔珠江村,2076012010,农村/城中村总表民用,居民生活,,计费
2547,6320443,0006320443,南基乡南湾村,2096022010,其他工业,工业用水,,计费
2554,4531063,0004531063,东山大厦省信托房产公司,1061252010,浴足,经营服务用水,,计费
2570,4414520,0004414520,新窖镇北山乡,3024012010,商业,经营服务用水,,计费
2579,6320791,0006320791,广州市南岗夏园村委员会,2096022010,其他工业,工业用水,,计费
2588,6291293,0006291293,广州港集团有限公司新港港务分公司,2096022010,单位/集体宿舍,居民生活,,计费
2624,6293185,0006293185,南安大队,2096032010,混合商业,经营服务用水,,计费
2625,6293198,0006293198,新墩大队,2096032010,混合商业,经营服务用水,,计费
2638,6296836,0006296836,大沙镇双沙村委会,2096012010,混合商业,经营服务用水,,计费
2651,8158420,0008158420,颐和山庄房地产开发有限公司,4047052010,商业,经营服务用水,,计费
2670,4423993,0004423993,广州丝织印染厂,3114172010,织染业,工业用水,100.0,计费
2671,6316248,0006316248,庙头村,2096022010,农村/城中村总表民用,居民生活,,计费
2675,6305329,0006305329,黄埔庙头乡,2096022010,农村/城中村总表民用,居民生活,,计费
2679,6319696,0006319696,广州市黄埔区大沙三联实业公司,2076082010,混合商业,经营服务用水,,计费
2685,4533519,0004533519,广州市道路扩建工程办公室,3024012010,其他工业,工业用水,100.0,计费
2686,6316541,0006316541,增城市新塘镇新墩村委会,2096032010,混合商业,经营服务用水,,计费
2723,6306218,0006306218,文冲村,2076052010,混合商业,经营服务用水,,计费
2730,4565071,0004565071,广州市白云区金沙街沙凤股份合作经济联合社,3105022010,其他工业,工业用水,,计费
2748,4780045,0004780045,望岗经济发展公司,4047062010,其他工业,工业用水,,计费
2750,4559030,0004559030,广州大新象牙工艺厂,1021062010,商业,经营服务用水,,计费
2772,6288701,0006288701,群星村民委员会,2106012010,农村/城中村总表民用,居民生活,,计费
2791,4821960,0004821960,南方钢厂,4047012010,建筑业,经营服务用水,,计费
2807,4753559,0004753559,蚌湖村,4017012010,行政,行政事业,,计费
2820,5094787,0005094787,广州市白云区石井街潭村经济联合社事业组,4057012010,商业,经营服务用水,,计费
2821,5094790,0005094790,广州市白云区石井街潭村经济联合社事业组,4057012010,其他工业,工业用水,,计费
2822,5094804,0005094804,广州市白云区石井街潭村经济联合社事业组,4057012010,农村/城中村总表民用,居民生活,,计费
2824,5094820,0005094820,广州市白云区石井街潭村经济联合社事业组,4057012010,农村/城中村总表民用,居民生活,,计费
2830,5094992,0005094992,联边村第三经济社,4047062010,其他工业,工业用水,200.0,计费
2833,5095038,0005095038,彭西联队,4047062010,商业,经营服务用水,,计费
2847,4950224,0004950224,棠涌村第八经济社,4067062010,其他工业,工业用水,,计费
2878,4752918,0004752918,夏茅村,4047012010,农村/城中村总表民用,居民生活,,计费
2883,4739861,0004739861,广州市白云山永泰实业公司,4047092010,农村/城中村总表民用,居民生活,,计费
2884,4954327,0004954327,大朗酒店,4047012010,其他工业,工业用水,,计费
2885,4954330,0004954330,大朗六祖庙,4047012010,其他工业,工业用水,,计费
2924,5092693,0005092693,军区生产基地,4047062010,行政,行政事业,,计费
2928,5032583,0005032583,兴龙针织厂,4067092010,其他工业,工业用水,,计费
2950,5087192,0005087192,生源五金塑料品批发市场,4067012010,商业,经营服务用水,,计费
2952,5087219,0005087219,红星水电站,4057012010,其他工业,工业用水,,计费
2982,5087424,0005087424,省警卫局训练基地,4047052010,行政,行政事业,,计费
2989,5087642,0005087642,白云同和镇永太村四联队,4047052010,商业,经营服务用水,,计费
3000,5087743,0005087743,广州民航管理局(机场),4067162010,建筑业,经营服务用水,,计费
3001,5087756,0005087756,广州民航管理局(机场),4067162010,居民家庭,居民生活,,计费
3005,5093755,0005093755,永泰村四联队,4047052010,商业,经营服务用水,,计费
3011,5087785,0005087785,广州民航管理局(机场),4067162010,行政,行政事业,,计费
3012,5087798,0005087798,广州民航管理局(机场),4067162010,其他工业,工业用水,,计费
3052,5094543,0005094543,广州白云区新市望岗经济发展公司,4047062010,其他工业,工业用水,100.0,计费
3077,4953379,0004953379,95007部队,4067182010,部队小区,居民生活,,计费
3079,4953467,0004953467,新科水费管理站,4047022010,其他工业,工业用水,,计费
3084,5090381,0005090381,广东省第三强制隔离戒毒所,4047022010,行政,行政事业,,计费
3091,5090307,0005090307,张村村民委员会,4057012010,行政,行政事业,,计费
3116,5925357,0005925357,广州长建物业管理有限公司,2068052010,商业,经营服务用水,,计费
3133,5085776,0005085776,龙归镇政府(龙归自来水厂),4047022010,行政,行政事业,,计费
3139,5092130,0005092130,白云区龙归镇永兴村,4047052010,商业,经营服务用水,,计费
3140,5092143,0005092143,白云区龙归镇永兴村,4047052010,其他工业,工业用水,,计费
3141,5092156,0005092156,白云区龙归镇永兴村,4047052010,其他工业,工业用水,,计费
3176,5092299,0005092299,大岗村工业楼,4057012010,其他工业,工业用水,,计费
3177,5092303,0005092303,石井镇大岗,4057012010,农村/城中村总表民用,居民生活,,计费
3193,5913855,0005913855,省信托房产开发公司宿舍,2018142010,商业,经营服务用水,,计费
3201,5097597,0005097597,四望嶂矿招待所,4067162010,商业,经营服务用水,,计费
3205,5097715,0005097715,54105部队,4047092010,部队小区,居民生活,,计费
3213,5889482,0005889482,天河区东圃镇前进第七股份合作经济社*,2068012010,商业,经营服务用水,,计费
3228,5104172,0005104172,广东省煤炭地质局,4047022010,单位/集体宿舍,居民生活,,计费
3231,5104202,0005104202,夏茅煤矿宿舍,4047012010,单位/集体宿舍,居民生活,,计费
3241,5098226,0005098226,庆丰村,4057012010,商业,经营服务用水,,计费
3304,5098907,0005098907,长红村,4047022010,其他工业,工业用水,,计费
3326,5105784,0005105784,皇岗村,4057012010,其他工业,工业用水,,计费
3337,5105582,0005105582,广州市石井小坪村民委员会,4067022010,其他工业,工业用水,,计费
3338,5105595,0005105595,广州市石井小坪村民委员会,4067022010,饮旅业,经营服务用水,,计费
3341,5105670,0005105670,张村村委会(铧鑫工艺厂),4057012010,其他工业,工业用水,100.0,计费
3348,5099593,0005099593,唐阁村委会,4047012010,其他工业,工业用水,,计费
3356,5099838,0005099838,青湖村委会,4047022010,商业,经营服务用水,,计费
3357,5099841,0005099841,清湖村民委员会,4047022010,农村/城中村总表民用,居民生活,,计费
3358,5891883,0005891883,东圃公社前进大队,2058032010,其他工业,工业用水,,计费
3359,5891896,0005891896,东圃公社前进大队,2058032010,商业,经营服务用水,,计费
3362,5099203,0005099203,环窖村,4067022010,其他工业,工业用水,,计费
3369,5100558,0005100558,黄金围联合公司,4057012010,其他工业,工业用水,,计费
3374,5100633,0005100633,镇达玩具厂,4047062010,单位/集体宿舍,居民生活,,计费
3396,5106703,0005106703,87400部队,4067212010,部队小区,居民生活,,计费
3412,5106149,0005106149,鸦岗村,4057012010,商业,经营服务用水,,计费
3418,5106211,0005106211,陈田村,4077012010,商业,经营服务用水,,计费
3420,5106240,0005106240,望岗村永湘公司,4047062010,单位/集体宿舍,居民生活,,计费
3441,5107559,0005107559,广州市公安局白云区分局,4047082010,行政,行政事业,,计费
3445,5893397,0005893397,岑村村民委员会,2048012010,商业,经营服务用水,,计费
3446,5893401,0005893401,棠下村第十五经济合作社,2068112010,商业,经营服务用水,,计费
3447,5893414,0005893414,广州千鹤房地产开发有限公司,2068012010,商业,经营服务用水,,计费
3450,5101173,0005101173,省戒毒劳教所,4047062010,单位/集体宿舍,居民生活,,计费
3456,5101506,0005101506,大岗大队,4057012010,农村/城中村总表民用,居民生活,,计费
3471,5893632,0005893632,广州市天河东路东信实业发展有限公司,2068172010,商业,经营服务用水,,计费
3479,5101997,0005101997,市二煤矿宿舍,4047062010,单位/集体宿舍,居民生活,,计费
3480,5102017,0005102017,荣城鞋业有限公司,4057012010,单位/集体宿舍,居民生活,,计费
3489,6048248,0006048248,76319部队,2068142010,部队小区,居民生活,,计费
3496,5102293,0005102293,鹤边六队经济合作社,4047062010,商业,经营服务用水,,计费
3502,5102352,0005102352,鹤边五队,4047062010,商业,经营服务用水,,计费
3511,5096347,0005096347,白云出入境边防检查站,4067132010,居民家庭,居民生活,,计费
3517,5888232,0005888232,广州市白云区京溪街京溪村犀牛角经济合作社,2028022010,行政,行政事业,,计费
3518,5888245,0005888245,广州市白云区京溪街京溪村犀牛角经济合作社,2028022010,商业,经营服务用水,,计费
3519,5888317,0005888317,燕圹农场宿舍区*,2028042010,商业,经营服务用水,,计费
3528,5096578,0005096578,三元里乡政府,4067162010,行政,行政事业,,计费
3532,5102785,0005102785,军区95035部队,4067072010,部队小区,居民生活,,计费
3542,5096738,0005096738,空军广州综合仓库白云油库,4077022010,部队小区,居民生活,,计费
3554,5103166,0005103166,槎头,1033492010,其他工业,工业用水,,计费
3590,6050333,0006050333,青少年航天科技教育中心,2058012010,商业,经营服务用水,,计费
3621,6007140,0006007140,省武警总队医院,2028052010,农村/城中村总表民用,居民生活,,计费
3634,6052078,0006052078,广州市天河区公园管理中心,2068132010,公共绿化,消防环卫绿化,,计费
3684,5108015,0005108015,广州白云米面制品厂,4067162010,单位/集体宿舍,居民生活,,计费
3696,5099854,0005099854,清湖村委会,4047022010,农村/城中村总表民用,居民生活,200.0,计费
3717,6052081,0006052081,广州市天河区公园管理中心,2068132010,商业,经营服务用水,,计费
3752,6205010,0006205010,广东省珠江投资公司,2068122010,商业,经营服务用水,,计费
3759,6227236,0006227236,省边防总队海警支队,2058022010,部队小区,居民生活,,计费
3768,6221746,0006221746,珠村,2058022010,商业,经营服务用水,,计费
3788,6227425,0006227425,华南工学院,2018022010,单位/集体宿舍,居民生活,,计费
3790,6227441,0006227441,华南工学院,2018022010,商业,经营服务用水,,计费
3805,6202936,0006202936,市新塘公司种植场,2048012010,商业,经营服务用水,,计费
3810,6203098,0006203098,广州市土地开发中心,2018062010,建筑业,经营服务用水,,计费
3811,6208211,0006208211,广州市东升石总矿场,2048012010,行政,行政事业,,计费
3814,6208282,0006208282,天河区长板村委会,2038012010,农村/城中村抄表到楼,居民生活,,计费
3823,6218951,0006218951,天河区车陂乡第十二经济社,2068022010,商业,经营服务用水,,计费
3828,6203522,0006203522,广州珠江公园（珠江新城）,2018072010,公共绿化,消防环卫绿化,,计费
3829,6208383,0006208383,中国科学院广州地质所技术研究所,2058042010,行政,行政事业,,计费
3833,6218791,0006218791,广州市第一公共汽车公司二分公司,2028042010,农村/城中村总表民用,居民生活,,计费
3837,6208484,0006208484,广东预备军官培训教学楼,2018032010,饮旅业,经营服务用水,,计费
3838,6208497,0006208497,广东预备军官培训教学楼*,2018032010,单位/集体宿舍,居民生活,,计费
3839,6208556,0006208556,广东省邮电局医院,2068122010,单位/集体宿舍,居民生活,,计费
3842,6208631,0006208631,省体育运动学校,2018152010,商业,经营服务用水,,计费
3844,6218977,0006218977,天河区车陂乡第十二经济社,2068022010,其他工业,工业用水,,计费
3849,6213796,0006213796,天河区国税局,2068142010,行政,行政事业,,计费
3850,6213813,0006213813,广州天河区东圃镇车陂十五社*,2068042010,商业,经营服务用水,,计费
3852,6213855,0006213855,广州市天河区长湴经济发展公司,2038012010,商业,经营服务用水,,计费
3856,6224354,0006224354,车陂经济发展公司西码头,2068022010,商业,经营服务用水,,计费
3861,6224471,0006224471,四机部五所*,2028052010,农村/城中村总表民用,居民生活,,计费
3864,6219071,0006219071,广州化学研究所,2038012010,行政,行政事业,,计费
3867,6386489,0006386489,新机场,4017012010,单位/集体宿舍,居民生活,,计费
3868,6387482,0006387482,麦志华,3114262010,居民（旧）,居民生活,15.0,计费
3869,6350130,0006350130,铁路流花桥通迅处,1062052010,居民家庭,居民生活,,计费
3870,6203535,0006203535,广州珠江公园（珠江新城）,2018072010,商业,经营服务用水,,计费
3876,6203623,0006203623,市新塘要委,2048012010,商业,经营服务用水,,计费
3877,6203649,0006203649,市新塘村委,2048012010,其他工业,工业用水,,计费
3879,6203678,0006203678,市新塘农商联合公司,2048012010,其他工业,工业用水,,计费
3886,6213969,0006213969,广州市天河区长湴经济发展公司,2028012010,商业,经营服务用水,,计费
3891,6208703,0006208703,省体委黄村体育训练基地,2058012010,单位/集体宿舍,居民生活,,计费
3893,6219143,0006219143,广州金泽房地产有限公司*,2018102010,商业,经营服务用水,,计费
3897,6224501,0006224501,广州公路局交通设施厂,2038012010,商业,经营服务用水,,计费
3900,6208921,0006208921,省科技干部学院,2058042010,学校用水,居民生活,,计费
3914,6214119,0006214119,东升电器厂,2038012010,商业,经营服务用水,,计费
3920,6224846,0006224846,广州军区库房地产管理局,2028012010,商业,经营服务用水,,计费
3922,6214180,0006214180,广州华太房地产发展有限公司,2068142010,洗车业,经营服务用水,,计费
3927,6214265,0006214265,广州珠江电信设备制造有限公司,2028052010,农村/城中村总表民用,居民生活,,计费
3951,6209227,0006209227,武警广东省总队司令部,2068112010,商业,经营服务用水,,计费
3959,6219811,0006219811,省生物药厂生活用水,2068122010,居民家庭,居民生活,,计费
3962,6325057,0006325057,广州冶炼厂,2096022010,单位/集体宿舍,居民生活,,计费
3965,6204176,0006204176,东圃镇黄村第四经济社,2068052010,商业,经营服务用水,,计费
3973,6219954,0006219954,空军援外站宿舍,2018132010,行政,行政事业,,计费
3975,6219970,0006219970,空军后勤部驻广州办事处,2018132010,饮旅业,经营服务用水,,计费
3982,6225357,0006225357,华南农科院,2018022010,农村/城中村总表民用,居民生活,,计费
3995,6204538,0006204538,广州市兴和物业管理有限公司,2068162010,商业,经营服务用水,,计费
3996,6204541,0006204541,广州市兴和物业管理有限公司,2068162010,商业,经营服务用水,,计费
3997,6204554,0006204554,广州市兴和物业管理有限公司,2068162010,商业,经营服务用水,,计费
4006,6220091,0006220091,广州市天河区绿化第二管理工区,2068052010,公共绿化,消防环卫绿化,,计费
4019,6321895,0006321895,黄埔红会医院,2096032010,单位/集体宿舍,居民生活,,计费
4023,6209865,0006209865,市粮油出公司一千吨冷库,2068022010,商业,经营服务用水,,计费
4031,6210029,0006210029,省农垦职工疗养院宿舍,2028052010,农村/城中村抄表到楼,居民生活,,计费
4032,6214991,0006214991,广东省电子技术研究所,2018052010,浴足,经营服务用水,,计费
4033,6215008,0006215008,广东省电子技术研究所,2028042010,饮旅业,经营服务用水,,计费
4036,6204860,0006204860,广东省农业科学院,2028052010,行政,行政事业,,计费
4044,6399838,0006399838,谭玉权,04G420000,城市居民（旧）,居民生活,15.0,计费
4045,5773376,0005773376,广州天龙大酒店,2018132010,行政,行政事业,,计费
4068,6225982,0006225982,广州钛白粉厂(广州精威化工有限公司),2068012010,商业,经营服务用水,,计费
4069,6225995,0006225995,广州钛白粉厂(广州精威化工有限公司),2068012010,商业,经营服务用水,,计费
4070,6226002,0006226002,广州钛白粉厂(广州精威化工有限公司),2068012010,商业,经营服务用水,,计费
4081,6200116,0006200116,天河区东圃镇沐陂村委会,2048012010,农村/城中村总表民用,居民生活,,计费
4094,6205339,0006205339,市新塘农工商联合公司园艺场,2048012010,商业,经营服务用水,,计费
4105,6205326,0006205326,市新塘农工商联合公司园艺场,2048012010,其他工业,工业用水,,计费
4137,6205603,0006205603,广州市土地开发中心,2018092010,公共绿化,消防环卫绿化,,计费
4138,6205616,0006205616,广州市土地开发中心,2018092010,公共绿化,消防环卫绿化,,计费
4145,6215907,0006215907,广州市土地开发中心,2018092010,公共绿化,消防环卫绿化,,计费
4163,6200826,0006200826,天河区人民防空办公室,2068172010,水疗馆,特种用水,,计费
4172,6226637,0006226637,人民制革厂,2068012010,建筑业,经营服务用水,,计费
4173,6226640,0006226640,皮业公司,2068012010,建筑业,经营服务用水,,计费
4176,6226767,0006226767,华南植物园研究所,2038012010,单位/集体宿舍,居民生活,,计费
4190,6216261,0006216261,冼村综合楼,2018102010,宾酒发廊,经营服务用水,,计费
4194,6206071,0006206071,广州客车厂,2028022010,其他工业,工业用水,,计费
4196,6206097,0006206097,员村石东村五社,2068162010,商业,经营服务用水,,计费
4207,6211224,0006211224,省边防总队海警支队,2068012010,行政,行政事业,,计费
4231,6211598,0006211598,广东农垦总局,2028052010,行政,行政事业,,计费
4246,6201496,0006201496,慧足轩,2018092010,浴足,经营服务用水,,计费
4247,6201500,0006201500,深圳发展银行、淘江酒楼、国门酒店、玩具城,2018092010,商业,经营服务用水,,计费
4251,6201571,0006201571,广州市天河区东圃黄村经济发展公司,2058012010,商业,经营服务用水,,计费
4252,6201584,0006201584,广州市天河区东圃黄村经济发展公司,2058012010,其他工业,工业用水,,计费
4263,6211859,0006211859,广州市天河区东圃黄村经济发展公司,2058022010,商业,经营服务用水,,计费
4264,6211862,0006211862,广州市天河区东圃黄村经济发展公司,2058022010,商业,经营服务用水,,计费
4270,6323211,0006323211,南岗砖厂,2096032010,农村/城中村总表民用,居民生活,,计费
4273,6323338,0006323338,广州航海学院,2096012010,单位/集体宿舍,居民生活,,计费
4277,6386519,0006386519,新机场,4017012010,行政,行政事业,,计费
4283,6211790,0006211790,广州市天河区东圃黄村经济发展公司,2058022010,其他工业,工业用水,,计费
4287,6211875,0006211875,广州市天河区东圃黄村经济发展公司,2058012010,商业,经营服务用水,,计费
4288,6211888,0006211888,广州市天河区东圃黄村经济发展公司,2058012010,商业,经营服务用水,,计费
4294,6217206,0006217206,半导体材料研究所宿舍,2028052010,农村/城中村总表民用,居民生活,,计费
4313,6217541,0006217541,车陂村第十五社社员住宅,2068032010,商业,经营服务用水,,计费
4318,6217831,0006217831,人民解放军参谋部广州干部离休所,2018112010,（原）特殊,经营服务用水,,计费
4319,6217844,0006217844,人民解放军参谋部广州干部离休所,2018152010,商业,经营服务用水,,计费
4364,6362384,0006362384,广州东坑劳动教养所,1021022010,单位/集体宿舍,居民生活,,计费
4366,6202314,0006202314,市城市建设开发总公司,2018142010,商业,经营服务用水,,计费
4404,6213161,0006213161,龙洞村,2038012010,商业,经营服务用水,,计费
4405,6213174,0006213174,龙洞村,2038012010,行政,行政事业,,计费
4417,6325608,0006325608,广州恒盛房地产发展有限公司,2096032010,建筑业,经营服务用水,,计费
4429,6202910,0006202910,广州市国营新塘农工商联合公司,2048012010,商业,经营服务用水,,计费
4434,6213204,0006213204,龙洞村委(龙华市场),2038012010,农村/城中村总表民用,居民生活,,计费
4446,5754117,0005754117,广州天龙大酒店,2018132010,居民家庭,居民生活,,计费
4479,6201382,0006201382,广州经济技术开发区供水管理中心,2048012010,转供趸售民用,居民生活,,计费
4481,6466305,0006466305,红卫村第十六经济社,3114762010,商业,经营服务用水,,计费
4482,6451833,0006451833,何锡军,04G320000,城市居民（旧）,居民生活,15.0,计费
4521,6195393,0006195393,广州伟腾房地产开发有限公司,2068182010,行政,行政事业,,计费
4523,6195410,0006195410,广州伟腾房地产开发有限公司,2068182010,商业,经营服务用水,,计费
4529,6195654,0006195654,棠东村委会,2058042010,其他工业,工业用水,,计费
4530,6195667,0006195667,棠东村委会,2058042010,商业,经营服务用水,,计费
4550,6386492,0006386492,新机场,4017012010,公共绿化,消防环卫绿化,,计费
4551,6386506,0006386506,新机场,4017012010,商业,经营服务用水,,计费
4554,6562579,0006562579,广州军区第一招待所,1061192010,浴足,经营服务用水,,计费
4559,2297763,0002297763,广州宏城发展股份有限公司,1041412010,混合商业,经营服务用水,,计费
4560,7689882,0007689882,广州市银河经济发展有限公司,1021062010,水疗馆,经营服务用水,,计费
4563,6562670,0006562670,军区后勤部农场,1021052010,居民家庭,居民生活,,计费
4568,2309040,0002309040,同和村委会,1021022010,混合商业,经营服务用水,,计费
4570,7689172,0007689172,赵义或,1033502010,居民（旧）,居民生活,15.0,计费
4580,6197490,0006197490,广州市公安局经济犯罪侦查支队,2018152010,单位/集体宿舍,居民生活,,计费
4584,6197618,0006197618,银燕大厦,2028032010,水疗馆,特种用水,,计费
4590,6125093,0006125093,广州市嘉裕房地产发展有限公司,2018092010,建筑业,经营服务用水,,计费
4605,6198129,0006198129,广州合生骏景房地产有限公司,2068102010,居民家庭,居民生活,300.0,计费
4608,2310451,0002310451,沙东汽车保管站沙太分店沙东酒店,1021062010,其他工业,工业用水,,计费
4609,6603670,0006603670,广州芭蕾舞团,2038012010,农村/城中村总表民用,居民生活,,计费
4616,6196556,0006196556,东圃公社前进大队,2058022010,行政,行政事业,,计费
4617,6196569,0006196569,东圃公社前进大队,2058022010,商业,经营服务用水,,计费
4618,6196572,0006196572,东圃公社前进大队,2058022010,其他工业,工业用水,,计费
4648,6402105,0006402105,吴灿棠,3024012010,居民（旧）,居民生活,15.0,计费
4650,6347273,0006347273,梁锦斌,04G420000,居民（旧）,居民生活,15.0,计费
4653,6362560,0006362560,粤海建设开发公司沙河沙东村委会,1061102010,浴足,经营服务用水,,计费
4654,6516228,0006516228,杨平,2076072010,居民（旧）,居民生活,20.0,计费
4655,6565855,0006565855,陈建英,1061212010,低保户（旧）,居民生活,15.0,考核
4656,6588553,0006588553,德星路荔湾广场,1063162010,浴足,经营服务用水,,计费
4658,6590000,0006590000,中国人民解放军７６１９１部队,1053012010,无优惠福利机构,行政事业,,计费
4659,6393986,0006393986,黄爱群,04G120000,居民（旧）,居民生活,15.0,计费
4660,6460118,0006460118,潘喜珠（低保）,1063132010,低保户（旧）,居民生活,15.0,计费
4661,6460134,0006460134,梁凤莲（低保）,1063162010,居民（旧）,居民生活,20.0,计费
4662,6460147,0006460147,莫金鸿（低保）,1063162010,居民（旧）,居民生活,15.0,计费
4663,6460150,0006460150,黄仁强,1063042010,居民（旧）,居民生活,15.0,计费
4664,6562625,0006562625,中国人民解放军广州疗养院,1021052010,居民家庭,居民生活,,计费
4666,6593618,0006593618,张传标(低保),1063302010,低保户（旧）,居民生活,15.0,计费
4669,6593937,0006593937,广州市白云区松洲街槎龙经济联合社,1033492010,商业,经营服务用水,,计费
4671,6603683,0006603683,广州市文化艺术学校,2038012010,单位/集体宿舍,居民生活,,计费
4673,6600727,0006600727,广州普兰内特物业管理有限公司,1063362010,洗车业,经营服务用水,,计费
4674,6770280,0006770280,凯旋华美达大酒店,1061282010,水疗馆,经营服务用水,,计费
4676,6770189,0006770189,远洋公司,1061192010,水疗馆,特种用水,,计费
4677,6770192,0006770192,粤新大酒店,1061152010,浴足,经营服务用水,,计费
4678,6957953,0006957953,东山宾馆,1061242010,水疗馆,经营服务用水,,计费
4681,7013485,0007013485,广东省体育运动学校,1061102010,商业,经营服务用水,,计费
4691,7013515,0007013515,广东省体育运动学校,1061102010,棋牌（非居民）,经营服务用水,,计费
4694,7272585,0007272585,广东鼎龙投资有限公司,1061172010,商业,经营服务用水,,计费
4696,7272602,0007272602,军区司令部综合楼,1061302010,水疗馆,经营服务用水,,计费
4699,7016181,0007016181,裕华企业综合楼,1061212010,（原）特殊,经营服务用水,,计费
4701,7016266,0007016266,广东亚洲国际大酒店,1061212010,浴足,经营服务用水,,计费
4702,7016312,0007016312,花城汽水厂,1061122010,商业,经营服务用水,,计费
4705,7008942,0007008942,南洲街东风第二经济合作社,3114722010,商业,经营服务用水,,计费
4707,7273328,0007273328,省农机学校,1021032010,单位/集体宿舍,居民生活,,计费
4708,7273331,0007273331,广州鹍鹏实业有限公司,1061272010,洗车业,经营服务用水,,计费
4719,3445479,0003445479,广东贸易中心,1062282010,浴足,经营服务用水,,计费
4723,7342527,0007342527,广州天河富丽大酒店,1061272010,水疗馆,经营服务用水,,计费
4730,7487646,0007487646,广州市荔湾区东沙街沙洛股份合作经济联合社,3065182010,行政,行政事业,,计费
4732,7397136,0007397136,黄埔区横沙村委会,2076042010,商业,经营服务用水,,计费
4733,7446186,0007446186,广州市天河区长湴经济发展公司,2028012010,商业,经营服务用水,,计费
4736,7487880,0007487880,广州市荔湾区东沙街沙洛股份合作经济联合社,3065182010,行政,行政事业,,计费
4739,7487923,0007487923,广州市西塱塱能物业管理有限公司,3065162010,其他工业,工业用水,200.0,计费
4743,6293550,0006293550,南岗乡,2096032010,混合商业,经营服务用水,,计费
4748,7719745,0007719745,广州军区三寓宾馆,1061242010,浴足,经营服务用水,,计费
4752,7689693,0007689693,广州军区第三招待所,1061242010,浴足,经营服务用水,,计费
4754,7789289,0007789289,天河区上元岗村侧,2028022010,部队小区,居民生活,,计费
4773,8159159,0008159159,市羊城兆业集团公司,1062212010,浴足,经营服务用水,,计费
4786,8433679,0008433679,广州市金桂房地产开发有限公司,1062052010,商业,经营服务用水,,计费
4790,8445676,0008445676,广州市安厦房地产开发有限公司,3014022010,公共绿化,消防环卫绿化,100.0,计费
4799,8738602,0008738602,4中,4047062010,商业,经营服务用水,,计费
4800,8738615,0008738615,4中,4047062010,其他工业,工业用水,,计费
4811,8701363,0008701363,广州培英中学,3065052010,学校用水,学校用水,100.0,计费
4823,9033434,0009033434,中山大道珠村村委会,2058022010,行政,行政事业,,计费
4832,8945903,0008945903,广州市林科所有限公司,1021012010,单位/集体宿舍,居民生活,,计费
4833,8965208,0008965208,永泰村第六经济合作社,4047092010,其他工业,工业用水,,计费
4835,8965732,0008965732,白云山农场永泰村第三经济合作社,4047092010,商业,经营服务用水,,计费
4842,9281699,0009281699,梁秀英,04G120000,居民（旧）,居民生活,15.0,计费
4843,9390821,0009390821,东方面制品厂,1061372010,洗车业,特种用水,,计费
4849,14885310,0014885310,广东美术馆（美术家协会）,1041412010,混合商业,经营服务用水,,计费
4850,9536092,0009536092,湖天宾馆,1063232010,商业,经营服务用水,,计费
4859,9536089,0009536089,湖天宾馆,1063232010,行政,行政事业,,计费
4861,9681095,0009681095,广信商业中心,1062072010,浴足,经营服务用水,,计费
4868,9890347,0009890347,芳村区人民政府（广州花卉博览园）（副页）占35%,3075012010,单位/集体宿舍,居民生活,,计费
4869,9890376,0009890376,芳村区人民政府（广州花卉博览园）（副页）占48%,3075012010,其他工业,工业用水,,计费
4875,9890507,0009890507,梁兰好,4067152010,居民家庭,居民生活,20.0,考核
4878,9890350,0009890350,芳村区人民政府（广州花卉博览园）（副页）占7%,3075012010,公共绿化,消防环卫绿化,,计费
4879,9890389,0009890389,芳村区人民政府（广州花卉博览园）（副页）占10%,3075012010,其他商业,经营服务用水,,计费
4880,9986871,0009986871,逸景翠园（施工工地）,04G420000,建筑业,经营服务用水,100.0,计费
4904,10165124,0010165124,新体育馆,4077022010,公共绿化,消防环卫绿化,,计费
4909,10254686,0010254686,广州耀中房地产发展有限公司   ,2018152010,商业,经营服务用水,150.0,计费
4916,10436006,0010436006,张燕珍,4047062010,居民家庭,居民生活,20.0,考核
4917,10250453,0010250453,刘炳牛,4047012010,农村/城中村总表民用,居民生活,20.0,考核
4951,10667011,0010667011,范彩云,1021022010,居民（旧）,居民生活,15.0,计费
4953,10626203,0010626203,陈玉琼,4067022010,居民家庭,居民生活,,考核
4956,10626186,0010626186,关慧明,4067022010,居民家庭,居民生活,,考核
4957,10626216,0010626216,卢绍科,4067022010,居民家庭,居民生活,,考核
4962,10709652,0010709652,游泳池表,4067212010,商业,经营服务用水,100.0,计费
4966,10822656,0010822656,广州市石井小坪村民委员会,4067022010,农村/城中村总表民用,居民生活,,计费
4971,10817546,0010817546,李锦堂、张桂容,4077012010,居民家庭,居民生活,,计费
4981,10907678,0010907678,广州警备区招待所,1061082010,居民家庭,居民生活,,计费
4992,11252216,0011252216,广州市天河区肉类联合加工厂,2038012010,其他工业,工业用水,,计费
4993,11250021,0011250021,广卅市电信局无线分局(付页),1062062010,居民家庭,居民生活,,计费
4995,11244947,0011244947,广州市东悦酒店有限公司,1062072010,浴足,经营服务用水,,计费
4997,11198286,0011198286,白云区石井镇大冈村民委员会,4057012010,其他工业,工业用水,,计费
5009,11237668,0011237668,中国人民解放军广州军区第二招待所,1062132010,浴足,经营服务用水,,计费
5013,11323769,0011323769,黄大珠,4057012010,居民家庭,居民生活,15.0,考核
5014,11323798,0011323798,罗文欽,4047052010,居民家庭,居民生活,20.0,考核
5015,11323831,0011323831,温东英,4047052010,居民家庭,居民生活,20.0,考核
5021,11323873,0011323873,范长娇,4047052010,居民家庭,居民生活,20.0,考核
5022,11323903,0011323903,徐润琼,4047052010,居民家庭,居民生活,20.0,考核
5026,11570598,0011570598,深圳市驻广州办事处,1062022010,行政,行政事业,,计费
5027,11572448,0011572448,梁进爱(低保),35720040,城市居民（旧）,居民生活,15.0,计费
5038,11719393,0011719393,蓝美娣,4057012010,居民家庭,居民生活,,考核
5054,11729004,0011729004,钟应能,4057012010,居民家庭,居民生活,,考核
5090,12058349,0012058349,海景中心管理处,2068182010,行政,行政事业,,计费
5111,12097294,0012097294,中国农业银行广州市分行,1061212010,单位/集体宿舍,居民生活,,计费
5121,12316306,0012316306,省冶金工业学校,1021052010,单位/集体宿舍,居民生活,,计费
5122,12316380,0012316380,省冶金学校,1021062010,居民家庭,居民生活,,计费
5125,12272349,0012272349,广州润田房地产开发有限公司,04G420000,商业,经营服务用水,20.0,计费
5129,12367854,0012367854,省建材工业中等专业学校,1061072010,居民家庭,居民生活,,计费
5136,12368033,0012368033,广州财政学校,1061132010,单位/集体宿舍,居民生活,,计费
5159,12490833,0012490833,广州市荔湾区东漖街西朗股份经济联合社,3065162010,商业,经营服务用水,,计费
5169,12914601,0012914601,广州市祥港房地产开发有限公司,3114152010,商业,经营服务用水,100.0,计费
5179,12805017,0012805017,广州市中医药大学第二附属医院,3054012010,行政,行政事业,200.0,计费
5187,12801611,0012801611,梁肖芳,3085052010,农村/城中村总表民用,居民生活,,计费
5188,12712029,0012712029,广东省纪律检查委员会,2018102010,行政,行政事业,,计费
5189,12868100,0012868100,新圹凌圹村经济联社,2048012010,商业,经营服务用水,,计费
5195,12915675,0012915675,广州市机电中等专业学校,1033492010,单位/集体宿舍,居民生活,,计费
5205,12957008,0012957008,刘彩群,3085052010,农村/城中村总表民用,居民生活,,计费
5208,12914470,0012914470,广州市祥港房地产开发有限公司,3114152010,商业,经营服务用水,100.0,计费
5230,12801624,0012801624,汤焕好,3085052010,农村/城中村总表民用,居民生活,,计费
5258,13075398,0013075398,广州摩托车厂,1062072010,商业,经营服务用水,,计费
5268,13246310,0013246310,白云政府棠景街办事处,4067012010,建筑业,经营服务用水,,计费
5271,13223579,0013223579,罗卓文（低保）,1033502010,抄表到户居民家庭,居民生活,15.0,计费
5289,13075268,0013075268,广铁幼儿圆,1061292010,混合商业,经营服务用水,,计费
5307,13758947,0013758947,广州市石井谭村经济开发公司,4067012010,商业,经营服务用水,100.0,计费
5308,13867296,0013867296,东方宾馆(副页）,1062092010,浴足,经营服务用水,,计费
5310,13528179,0013528179,南方医院,1021022010,混合商业,经营服务用水,,计费
5349,13758211,0013758211,深圳雅业贸易有限公司,4067192010,水疗馆,特种用水,,计费
5350,13758240,0013758240,广东省邮电器材仓（中捷通信有限公司）,4047062010,单位/集体宿舍,居民生活,,计费
5364,14230602,0014230602,广州市白云区均禾街清湖村经济联合社,4047022010,农村/城中村总表民用,居民生活,,计费
5365,14342123,0014342123,均禾街长红第七经济合作社,4047022010,其他工业,工业用水,,计费
5371,14017940,0014017940,韦耀祺,3085052010,农村/城中村总表民用,居民生活,,计费
5372,14021842,0014021842,广州军区人民防空委员会,2028022010,商业,经营服务用水,,计费
5377,14046881,0014046881,广钢医疗站（商铺）,3065152010,其他商业,经营服务用水,,计费
5389,14347317,0014347317,军医大学,1021032010,单位/集体宿舍,居民生活,,计费
5414,14690684,0014690684,简绍庆(低保),1063212010,低保户（旧）,居民生活,15.0,计费
5432,14811988,0014811988,广州市白云区松洲街松南村经济联合社,1033512010,商业,经营服务用水,,计费
5433,14502082,0014502082,广东珠岛宾馆,1041412010,单位/集体宿舍,居民生活,,计费
5443,14676042,0014676042,广东省新浚物业管理有限公司,3114502010,水疗馆,特种用水,,计费
5447,14926121,0014926121,广州市白云区新市镇黄边村经济联合社,4047062010,其他工业,工业用水,,计费
5455,15011318,0015011318,陈田大队 ,4077012010,商业,经营服务用水,,计费
5466,14909447,0014909447,张村经济发展公司,4067012010,商业,经营服务用水,,计费
5468,14342527,0014342527,广州市白云区新市镇联边村八社,4047072010,其他工业,工业用水,,计费
5518,15343361,0015343361,广州市黄埔区姬堂经济发展总公司,2076082010,农村/城中村总表民用,居民生活,,计费
5526,14838688,0014838688,保利房地产（集团）股份有限公司,3105012010,公共消防,消防环卫绿化,100.0,计费
5527,14909577,0014909577,长红村第十二经济社,4047022010,其他工业,工业用水,,计费
5535,15575630,0015575630,广州高新技术产业开发区民营科技园管理委员会,4037012010,学校用水,学校用水,,计费
5536,15575643,0015575643,广州高新技术产业开发区民营科技园管理委员会,4037012010,学校用水,学校用水,,计费
5566,15513465,0015513465,朝阳杨梅村,4057012010,其他工业,工业用水,,计费
5568,15517904,0015517904,广州市白云区园林绿化管理办公室,1033502010,公共绿化,消防环卫绿化,100.0,计费
5571,15608303,0015608303,白云国际会议中心项目办,4077022010,行政,行政事业,,计费
5588,15608316,0015608316,广州白云国际会议中心项目办,4077022010,行政,行政事业,,计费
5594,15208369,0015208369,裕华企业综合楼,1061212010,浴足,经营服务用水,,计费
5618,16076206,0016076206,中国人民解放军空军司令部军事调研室五处,2018142010,商业,经营服务用水,,计费
5622,15873385,0015873385,广州军区通信工程大队营房,1021042010,混合商业,经营服务用水,,计费
5635,15656504,0015656504,广州黄埔新港第二作业区,2096022010,行政,行政事业,,计费
5663,16014158,0016014158,广州市海珠区官洲街经济联合社,3114492010,商业,经营服务用水,150.0,计费
5684,15855060,0015855060,54060部队,2028012010,部队小区,居民生活,,计费
5685,15873330,0015873330,广州军区通信工程大队营房,1021042010,居民家庭,居民生活,,计费
5696,15851420,0015851420,广州海煌食品有限公司,2076022010,仓储,经营服务用水,,计费
5699,16076280,0016076280,海珠区瑞宝街瑞宝第七经济合作社,3114492010,商业,经营服务用水,,计费
5704,16056132,0016056132,广州市安达汽车零件有限公司,4047052010,其他工业,工业用水,,计费
5712,15697396,0015697396,海珠区官洲街仑头经济联合社,3024012010,商业,经营服务用水,,计费
5732,16281035,0016281035,广州统一企业有限公司,2096032010,饮料业,工业用水,,计费
5741,16194319,0016194319,龙归镇永兴村民委员会,4047052010,其他工业,工业用水,,计费
5762,16431137,0016431137,广州市荔湾区海龙街增滘股份经济联合社,54119000,建筑业,经营服务用水,,
5774,16424829,0016424829,广州市越秀区绿化养护第一工区,1062162010,行政,行政事业,,计费
5775,16424832,0016424832,广州市越秀区绿化养护第一工区,1062162010,环卫,消防环卫绿化,,计费
5776,16415557,0016415557,广州军区通支办基建工程处,1021042010,混合商业,经营服务用水,,计费
5778,16428544,0016428544,省机械出口公司,2068112010,单位/集体宿舍,居民生活,,计费
5781,16280351,0016280351,广清路凤凰村,4057012010,商业,经营服务用水,,计费
5802,16494060,0016494060,麦家强,04G120000,居民（旧）,居民生活,15.0,计费
5826,16886982,0016886982,广东省建筑工程集团有限公司,1063362010,建筑业,经营服务用水,,计费
5827,16829969,0016829969,梁永祥（低保）,1063212010,低保户（旧）,居民生活,15.0,计费
5880,16838589,0016838589,陆赛琼（低保）,1063132010,低保户（旧）,居民生活,15.0,考核
5901,17124049,0017124049,广州市立基物业管理有限公司,1062242010,美容（原特种）,经营服务用水,,计费
5940,17774853,0017774853,广东宣传干部培训中心,3114312010,单位/集体宿舍,居民生活,,计费
5941,17774866,0017774866,广东宣传干部培训中心,3114312010,浴足,经营服务用水,,计费
5945,17524719,0017524719,刘佩儿(低保),1033512010,城市居民（旧）,居民生活,15.0,计费
5976,17313230,0017313230,广州伟腾房地产开发有限公司,2018062010,建筑业,经营服务用水,,计费
5979,17509738,0017509738,广州广南房产发展有限公司,1062292010,建筑业,经营服务用水,,计费
5983,17774840,0017774840,广东宣传干部培训中心,3114312010,商业,经营服务用水,,计费
5984,17775250,0017775250,广州市射击射箭运动管理中心,1062062010,商业,经营服务用水,,计费
5987,17839596,0017839596,广州丽运房地产开发有限公司,3105042010,建筑业,经营服务用水,,计费
5989,17785828,0017785828,前进路66-87号 (嘉汇华庭),3114402010,（原）其他特种,经营服务用水,,计费
6004,18253854,0018253854,邹玉兰(低保）,1013422010,低保户（旧）,居民生活,15.0,计费
6013,18245598,0018245598,广州大学附属中学,3054012010,单位/集体宿舍,居民生活,150.0,计费
6020,18170854,0018170854,广东省公安消防总队,2018022010,农村/城中村总表民用,居民生活,,计费
6021,18276998,0018276998,广州大学附属中学,3054012010,学校用水,学校用水,,计费
6042,18794540,0018794540,广州市光大花园房地产开发有限公司,3114132010,行政,行政事业,100.0,计费
6050,18690718,0018690718,棠溪经济发展公司第三经济合作社,4067012010,商业,经营服务用水,,计费
6069,18379929,0018379929,广州市荔湾区绿化委员会,3065042010,公共绿化,消防环卫绿化,100.0,计费
6080,18416477,0018416477,广州红菱电热设备有限公司（主页02229）,4067032010,（原）其他特种,经营服务用水,,计费
6089,18750238,0018750238,广州市白云区石井镇横沙村民委员会,3105032010,混合商业,经营服务用水,,计费
6090,18750241,0018750241,广州市白云区石井镇横沙村民委员会,3105032010,水疗馆,特种用水,,计费
6097,18748013,0018748013,广州人造卫星观测站,2028052010,行政,行政事业,,计费
6152,19138129,0019138129,彭庆钊（低保）,1063352010,城市居民（旧）,居民生活,15.0,计费
6173,19442743,0019442743,广州邦泰置业有限公司,3014012010,公共消防,消防环卫绿化,100.0,计费
6239,19370369,0019370369,省舞蹈学校,1061102010,学校用水,学校用水,,计费
6253,19935179,0019935179,广州市海珠区人民政府,3114512010,行政,行政事业,,计费
6259,20435976,0020435976,广州市天河区石牌村民委员会,2018062010,商业,经营服务用水,,计费
6260,19811286,0019811286,广州中银保利华普置业有限公司 ,2018052010,（原）特殊,经营服务用水,,计费
6297,20152143,0020152143,广州市华绰物业管理有限公司,2018092010,水疗馆,特种用水,,计费
6343,20174688,0020174688,广州富力恒盛置业发展有限公司,2018092010,水疗馆,特种用水,,计费
6344,20175450,0020175450,广东省航道局(特商副页),1062292010,夜总会,经营服务用水,,计费
6345,20175463,0020175463,广东省航道局(行政副页),1062292010,行政,行政事业,,计费
6346,19934903,0019934903,广州市市政园林工程管理中心,2068102010,公共绿化,消防环卫绿化,,计费
6347,20224804,0020224804,同和镇政府办公楼,1021052010,混合商业,经营服务用水,,计费
6353,19935036,0019935036,广州明华投资有限公司,08A720000,（原）特殊,经营服务用水,,计费
6369,19783518,0019783518,广州市固元保健服务有限公司,3114252010,浴足,经营服务用水,,计费
6376,19782414,0019782414,广州市全华实业有限公司,1021052010,浴足,经营服务用水,,计费
6377,19782427,0019782427,羊城铁路房地产开发公司,1061362010,美容（原特种）,经营服务用水,,计费
6385,19787842,0019787842,芳村工人文化宫,3065012010,混合商业,经营服务用水,,计费
6392,19846981,0019846981,省职工体育运动技术学院,1041412010,学校用水,学校用水,,计费
6393,19847014,0019847014,二沙头体院,1041412010,学校用水,学校用水,,计费
6394,19847027,0019847027,省职工体育运动技术学院,1041412010,学校用水,学校用水,,计费
6395,19868471,0019868471,梅花园宾馆,1021042010,水疗馆,特种用水,,计费
6396,19849528,0019849528,广州永富房地产开发有限公司,3105022010,建筑业,经营服务用水,100.0,计费
6433,20151889,0020151889,越秀宾馆(副页),1062132010,浴足,经营服务用水,,计费
6439,19973483,0019973483,广州利雅房地产开发有限公司,2018082010,水疗馆,特种用水,,计费
6442,20194723,0020194723,广州市鸿力物业管理有限公司,4047092010,水疗馆,特种用水,,计费
6446,20062503,0020062503,同和村蟹山经济合作社,1021052010,水疗馆,特种用水,,计费
6448,20251710,0020251710,广州市就业训练中心,1062332010,行政,行政事业,,计费
6451,20225588,0020225588,广州市卡丽酒店,1062072010,水疗馆,经营服务用水,,计费
6460,20435963,0020435963,天河区石牌三骏企业集团有限公司,2018062010,水疗馆,特种用水,,计费
6461,20240107,0020240107,西朗医疗卫生所,3065162010,商业,经营服务用水,,计费
6465,20577647,0020577647,广州市荔湾区东漖股份合作经济联合社,3065102010,建筑业,经营服务用水,,计费
6474,20175346,0020175346,广州市星侨房地产开发有限公司,3065042010,建筑业,经营服务用水,,计费
6482,20175971,0020175971,军区后勤部,1061262010,行政,行政事业,,计费
6484,20528788,0020528788,华湾鞋业公司,4057012010,混合商业,经营服务用水,,计费
6512,20826071,0020826071,惠明房产开发公司,2096032010,混合商业,经营服务用水,,计费
6525,20660244,0020660244,省武警第四支队,2058042010,商业,经营服务用水,,计费
6526,20660260,0020660260,广州天河高新技术产业开发区建设总公司,2068102010,洗车业,特种用水,,计费
6527,20829979,0020829979,广州市城建天誉房地产开发有限公司,2018152010,水疗馆,特种用水,,计费
6528,20294436,0020294436,广州怡城物业管理有限公司,1062142010,商业,经营服务用水,,计费
6529,20577517,0020577517,天河区棠下村民委员会,2068112010,水疗馆,经营服务用水,,计费
6530,20577650,0020577650,广州市荔湾区东漖股份合作经济联合社,3065102010,建筑业,经营服务用水,,计费
6536,20732644,0020732644,空军司令部,1061122010,混合商业,经营服务用水,,计费
6537,20733227,0020733227,广州海洋地质调查局,1061122010,混合商业,经营服务用水,,计费
6538,20733546,0020733546,广州市东建实业总公司,1061222010,浴足,经营服务用水,,计费
6539,20733865,0020733865,军区后勤部企业局,1061262010,居民家庭,居民生活,,计费
6540,20733911,0020733911,军区后勤部,1061262010,行政,行政事业,,计费
6541,20734389,0020734389,珠江宾馆宿舍,1061302010,饮食业,经营服务用水,,计费
6542,20734480,0020734480,广州白云宾馆,1061152010,单位/集体宿舍,居民生活,,计费
6543,20734523,0020734523,署前宾馆,1061392010,居民家庭,居民生活,,计费
6544,20734536,0020734536,署前宾馆,1061392010,居民家庭,居民生活,,计费
6562,20660547,0020660547,广州白云区新市望岗经济发展公司,4047062010,商业,经营服务用水,,计费
6563,20660550,0020660550,新市镇教委办,4067082010,商业,经营服务用水,,计费
6564,20734174,0020734174,广东亚洲国际大酒店,1061212010,浴足,经营服务用水,,计费
6565,20734419,0020734419,省建筑学校,1061082010,单位/集体宿舍,居民生活,,计费
6567,20742238,0020742238,市嘉禾畜禽交易服务中心,4047062010,单位/集体宿舍,居民生活,,计费
6568,20759139,0020759139,茅岗村委会第十七经济合作社,2076042010,商业,经营服务用水,,计费
6569,20660273,0020660273,南方面粉厂,2068162010,商业,经营服务用水,,计费
6570,20660286,0020660286,南方面粉厂,2068162010,商业,经营服务用水,,计费
6571,20742225,0020742225,广州市嘉禾畜禽交易服务中心,4047062010,单位/集体宿舍,居民生活,,计费
6577,20758963,0020758963,广州棠下经济发展有限公司,2068112010,水疗馆,特种用水,,计费
6581,20622624,0020622624,香格里拉大酒店（广州琶洲）有限公司,3014022010,水疗馆,经营服务用水,,计费
6583,21027677,0021027677,广州市时代胜誉投资顾问有限公司,1021062010,洗车业,特种用水,,计费
6585,20734086,0020734086,广州雅居乐房地产开发有限公司,1021012010,混合商业,经营服务用水,,计费
6586,20734187,0020734187,省军区第一招待所,1021042010,居民家庭,居民生活,,计费
6587,20662152,0020662152,广州丰伟房地产开发有限公司,2018102010,水疗馆,特种用水,,计费
6588,20734318,0020734318,中山大学附属第六医院,2068172010,建筑业,经营服务用水,,计费
6589,20733940,0020733940,广东南湖旅游中心,1021012010,单位/集体宿舍,居民生活,,计费
6591,20732774,0020732774,空军司令部,1061122010,行政,行政事业,,计费
6594,20783088,0020783088,广东电视台宿舍,1061152010,冲晒相业,经营服务用水,,计费
6595,20783105,0020783105,广东电视台宿舍,1061152010,行政,行政事业,,计费
6596,20734347,0020734347,广州天河富丽大酒店,1061272010,水疗馆,经营服务用水,,计费
6597,20734406,0020734406,凯旋华美达大酒店,1061282010,水疗馆,经营服务用水,,计费
6598,20734549,0020734549,省职工体育运动技术学院,1041412010,混合商业,经营服务用水,,计费
6599,20734581,0020734581,滔金北管理处,1061152010,饮旅业,经营服务用水,,计费
6600,20734594,0020734594,广州军区第一招待所,1061192010,居民家庭,居民生活,,计费
6607,20622640,0020622640,香格里拉大酒店（广州琶洲）有限公司,3014022010,（原）其他特种,经营服务用水,,计费
6611,20816719,0020816719,广东省盐业集团有限公司,1062192010,商业,经营服务用水,,计费
6612,20742108,0020742108,华苑大酒店,2096032010,水疗馆,经营服务用水,,计费
6613,20814625,0020814625,广东珠江投资有限公司,3114752010,（原）其他特种,经营服务用水,,计费
6615,21108727,0021108727,银行疗养院,1061142010,健身,经营服务用水,,计费
6622,20733953,0020733953,东山宾馆,1061242010,单位/集体宿舍,居民生活,,计费
6624,21027071,0021027071,先烈中路97号17栋301房,1061082010,城市居民（旧）,居民生活,15.0,计费
6629,20703396,0020703396,广东省农垦华侨实业总公司,2028052010,浴足,经营服务用水,,计费
6630,20862002,0020862002,茅岗社区居委会,2076022010,商业,经营服务用水,,计费
6635,20825313,0020825313,广州军区空军高射炮兵射击观察队,4067182010,部队小区,居民生活,,计费
6636,20655059,0020655059,广州市市政园林局,2068102010,公共绿化,消防环卫绿化,,计费
6637,20734392,0020734392,广州市白云区石井街潭村经济联合社事业组,4067012010,商业,经营服务用水,,计费
6640,20623180,0020623180,望星楼宾馆家属区,1061172010,混合商业,经营服务用水,,计费
6642,20822066,0020822066,中旅商业城,1062272010,洗车业,特种用水,,计费
6646,20733764,0020733764,白云山药厂原料基地,2028022010,居民（旧）,居民生活,,计费
6647,20733793,0020733793,同和乡白水圹村,1021022010,混合商业,经营服务用水,,计费
6655,20660130,0020660130,同和斯文井经济合作社,1021012010,混合商业,经营服务用水,,计费
6658,20601137,0020601137,棠溪经济发展公司第三经济合作社,4067012010,洗车业,特种用水,,计费
6659,20733429,0020733429,广州海洋地质调查局,1061122010,行政,行政事业,,计费
6661,20789930,0020789930,市国营农工商联合企业,1061072010,混合商业,经营服务用水,,计费
6662,20790237,0020790237,广州东南西环高速公路有限公司,3114312010,单位/集体宿舍,居民生活,,计费
6663,20733663,0020733663,广州军区政治部艺星招待所,1061252010,居民家庭,居民生活,,计费
6664,20733979,0020733979,广东南湖旅游中心,1021012010,单位/集体宿舍,居民生活,,计费
6665,20734099,0020734099,银行疗养院,1061382010,饮食业,经营服务用水,,计费
6684,21279212,0021279212,广州市黄埔区鱼珠街茅岗股份经济联合社,2076022010,商业,经营服务用水,,计费
6689,21155286,0021155286,广州军区联勤部广州越秀军职以上退休干部休养所储运办,2068142010,部队小区,居民生活,,计费
6690,21334160,0021334160,马务村委会,4067022010,浴足,经营服务用水,,计费
6691,21379042,0021379042,华洲街土华经济联合社水电组,3034012010,商业,经营服务用水,,计费
6693,21319293,0021319293,广东省石油企业集团公司,2096022010,混合商业,经营服务用水,,计费
6694,21333978,0021333978,广州轻工工贸集团有限公司,1061322010,混合商业,经营服务用水,,计费
6695,21341452,0021341452,双沙二队,2096012010,农村/城中村总表民用,居民生活,,计费
6703,21361500,0021361500,"广州花园酒店有限公司""悦春“水疗会所",1061202010,水疗馆,特种用水,,计费
6706,21149753,0021149753,广东冠城房地产开发有限公司,1061282010,纤体减肥,经营服务用水,,计费
6720,21319307,0021319307,省军区装技部,1061172010,居民家庭,居民生活,,计费
6724,21108860,0021108860,广州市黄埔区文冲街文冲社区居民委员会,2076072010,洗车业,特种用水,,计费
6730,21254084,0021254084,保利房地产股份有限公司,3114292010,商业,经营服务用水,,计费
6733,21149711,0021149711,广东冠城房地产开发有限公司,1061282010,其他商业,经营服务用水,,计费
6734,21441110,0021441110,广州义华物业管理有限公司,2018152010,水疗馆,特种用水,,计费
6749,21421264,0021421264,岐岗工业区,2076022010,其他商业,经营服务用水,,计费
6761,21087745,0021087745,广东康景物业服务有限公司,3114602010,美容（原特种）,经营服务用水,,计费
6763,21039137,0021039137,荣城鞋业公司,4057012010,单位/集体宿舍,居民生活,,计费
6766,21108756,0021108756,银行疗养院,1061142010,健身,经营服务用水,,计费
6767,21084733,0021084733,广东康景物业服务有限公司,3114602010,美容（原特种）,经营服务用水,,计费
6768,21108730,0021108730,南岗乡综合楼,2096032010,水疗馆,经营服务用水,,计费
6772,21037681,0021037681,广州市天河区寺右经济发展公司,2018112010,建筑业,经营服务用水,,计费
6776,21108769,0021108769,南岗镇政府综合市场,2096032010,水疗馆,特种用水,,计费
6778,21084661,0021084661,元岗村委会,2028022010,商业,经营服务用水,,计费
6781,21254143,0021254143,新窖镇红卫第十五经济合作社,3114762010,商业,经营服务用水,,计费
6782,21254156,0021254156,保利房地产股份有限公司,3114292010,洗车业,特种用水,,计费
6784,21107258,0021107258,广东天健国际家居装饰商贸广场有限公司,1021032010,洗车业,特种用水,,计费
6786,21088328,0021088328,广州市黄埔区大沙经济发展实业有限公司,2076072010,水疗馆,特种用水,,计费
6790,21100710,0021100710,广东瑞华集团有限公司,2018062010,水疗馆,特种用水,,计费
6793,21108626,0021108626,得康沐足推拿,2096032010,浴足,经营服务用水,,计费
6795,21139039,0021139039,广州广永丽都酒店有限公司,1062292010,浴足,经营服务用水,,计费
6801,21421886,0021421886,寺右工业区,1061282010,洗车业,经营服务用水,,计费
6804,21108697,0021108697,怡景大酒店,2096032010,棋牌,经营服务用水,,计费
6805,21108701,0021108701,南基村委会(石油场),06A620010,洗车业,经营服务用水,,计费
6806,21108714,0021108714,广州市黄埔商业集团有限公司,2076042010,商业,经营服务用水,,计费
6815,21424856,0021424856,广州军区防化研究所,2028022010,部队小区,居民生活,,计费
6828,21362806,0021362806,广州市泰骏房地产开发有限公司,2068112010,水疗馆,特种用水,,计费
6829,21428076,0021428076,天河区城镇房地产开发总公司,2058022010,行政,行政事业,,计费
6832,21351192,0021351192,文辉发展有限公司,2058032010,商业,经营服务用水,,计费
6843,21784936,0021784936,广东金莎大酒店有限公司,4067092010,水疗馆,特种用水,,计费
6845,21446447,0021446447,市道路扩建办,3114672010,商业,经营服务用水,,计费
6856,21708695,0021708695,沙河经济发展总公司,2028012010,洗车业,特种用水,,计费
6857,21629769,0021629769,广州市白云区棠景街棠溪村第十三经济合作社,4067132010,居民家庭,居民生活,100.0,计费
6867,21485451,0021485451,广深铁路股份有限公司广州供电段,4027012010,单位/集体宿舍,居民生活,,计费
6873,21522635,0021522635,大岗榕溪一社,4067022010,农村/城中村总表民用,居民生活,,计费
6874,21632222,0021632222,广州寿星世界大厦*,2058022010,医疗,行政事业,,计费
6875,21601806,0021601806,广州市宏得物业管理有限公司,4067152010,商业,经营服务用水,,计费
6877,21678501,0021678501,广东省外语师范学校,2028022010,单位/集体宿舍,居民生活,,计费
6883,21551228,0021551228,广州市海珠区官洲街北山经济联合社,3024012010,商业,经营服务用水,,计费
6884,21551257,0021551257,广州市海珠区官洲街北山经济联合社,3024012010,商业,经营服务用水,,计费
6891,21616323,0021616323,广州中海地产有限公司,2018062010,水疗馆,特种用水,,计费
6893,21629756,0021629756,广州市白云区棠景街棠溪村第十三经济合作社,4067132010,公共消防,消防环卫绿化,100.0,计费
6894,21523351,0021523351,广州市荣建大厦物业管理有限公司,1061202010,浴足,经营服务用水,,计费
6902,21475636,0021475636,广东商学院,3024012010,单位/集体宿舍,居民生活,,计费
6906,21525722,0021525722,广州市东溪供水有限公司,4017012010,转供趸售工业,工业用水,,计费
6911,21717619,0021717619,广东长裕发展有限公司.广州市京穗房地产开发有限公司,2018132010,水疗馆,特种用水,,计费
6914,21552449,0021552449,中国人民解放军61156部队,1061162010,洗车业,特种用水,,计费
6918,21632440,0021632440,广州市加益有限公司,1021042010,浴足,经营服务用水,,计费
6921,21781823,0021781823,广东国际大厦,1061152010,浴足,经营服务用水,,计费
6939,21712454,0021712454,广州市高城房地产开发有限公司,1041412010,浴足,经营服务用水,,计费
6945,21708679,0021708679,广州骏达汽车企业集团,2068142010,洗车业,特种用水,,计费
6952,21766464,0021766464,广州捷丽房地产开发有限公司,1062172010,纤体减肥,经营服务用水,,计费
6953,21766493,0021766493,广州高乐物业管理有限公司,1062172010,纤体减肥,经营服务用水,,计费
6954,21508527,0021508527,广州市海珠区官洲街赤沙经济联合社,3024012010,商业,经营服务用水,,计费
6958,21812196,0021812196,棠涌六社,4067082010,浴足,经营服务用水,,计费
6960,21708682,0021708682,暨南大学,2068122010,商业,经营服务用水,,计费
6961,21708738,0021708738,广州市东园房地产开发有限公司,2068062010,水疗馆,特种用水,,计费
6962,21717055,0021717055,广州市花木公司,1062042010,公共绿化,消防环卫绿化,,计费
6963,21748947,0021748947,省华侨专业技术学校,2038012010,单位/集体宿舍,居民生活,,计费
6965,21688922,0021688922,广州市正佳企业有限公司,2018062010,（原）特殊,经营服务用水,,计费
6975,21706370,0021706370,广东农工商职业技术学院,2028052010,农村/城中村总表民用,居民生活,,计费
6978,21717651,0021717651,广州马会房地产开发有限公司  ,2018062010,洗车业,特种用水,,计费
6980,21747191,0021747191,广州兴盛房产发展有限公司,1061332010,（原）特殊,经营服务用水,,计费
6981,21749298,0021749298,广州市华鸿物业管理有限公司,1061162010,美容（原特种）,经营服务用水,,计费
6982,21830899,0021830899,杰豪汽修厂,4067012010,商业,经营服务用水,,计费
6983,21524136,0021524136,广州宏城发展有限公司,2018052010,（原）特殊,经营服务用水,,计费
6985,21748471,0021748471,广州华港房地产有限公司,2068142010,美容（原特种）,经营服务用水,,计费
6986,21843596,0021843596,广州马会房地产开发公司,2018062010,美容（原特种）,经营服务用水,,计费
6987,21843613,0021843613,广州华太房地产发展有限公司*,2068142010,小区绿化,消防环卫绿化,,计费
6991,21814394,0021814394,广州市白云区永平街永泰村第一经济合作社,4047092010,商业,经营服务用水,,计费
6995,21867880,0021867880,广州市穗升房地产开发有限公司*,2028052010,洗车业,特种用水,,计费
6999,21766145,0021766145,广州市合景美富房地产开发有限公司,2058032010,（原）特殊,经营服务用水,,计费
7005,21915664,0021915664,省建筑材料供应公司储运分公司,4067122010,商业,经营服务用水,,计费
7009,21747713,0021747713,广州兴盛房地产发展有限公司,1061332010,（原）特殊,经营服务用水,,计费
7015,21709425,0021709425,军区幼儿园,1061192010,行政,行政事业,,计费
7016,21748950,0021748950,广东农业管理干部学院,2058042010,学校用水,居民生活,,计费
7018,21632860,0021632860,广东燕塘物业管理有限公司,2028042010,商业,经营服务用水,,计费
7020,21537077,0021537077,广州军区后勤部军事医学研究所,2028052010,部队小区,居民生活,,计费
7027,21634345,0021634345,广东省司法学校,2038012010,单位/集体宿舍,居民生活,,计费
7028,21508514,0021508514,广州市海珠区官洲街赤沙经济联合社,3024012010,商业,经营服务用水,,计费
7032,21631779,0021631779,人民制革厂,2068012010,洗车业,经营服务用水,,计费
7045,21536999,0021536999,广州中医药大学第一附属医院,1062042010,建筑业,经营服务用水,,计费
7046,21522941,0021522941,广州市京武房地产开发有限公司,2068052010,水疗馆,特种用水,,计费
7048,21550456,0021550456,省邮电学校,2068122010,单位/集体宿舍,居民生活,,计费
7051,21448658,0021448658,广州大学城能源发展有限公司,3054012010,商业,经营服务用水,,计费
7054,21572731,0021572731,广东水利电力职业技术学院,2018012010,单位/集体宿舍,居民生活,,计费
7055,21572744,0021572744,广东省水利电力技工学校,2018012010,单位/集体宿舍,居民生活,,计费
7057,21480469,0021480469,凤和村鹭江六社,3114672010,商业,经营服务用水,,计费
7059,21555099,0021555099,广州市白云区金沙街沙凤股份合作经济联合社,3105042010,商业,经营服务用水,100.0,计费
7062,21551260,0021551260,广东省轻工职业技术学校,3014012010,单位/集体宿舍,居民生活,,计费
7065,21546987,0021546987,凤和村鹭江四社,3114672010,商业,经营服务用水,,计费
7074,21547078,0021547078,中国人民解放军海军兵种指挥学院院务部营房处,4057012010,部队小区,居民生活,,计费
7082,21684106,0021684106,广东军体院,2018152010,商业,经营服务用水,,计费
7086,21678497,0021678497,广东外语师范学校,2028022010,单位/集体宿舍,居民生活,,计费
7087,21684597,0021684597,广州宏日房地产发展有限公司,2018032010,夜总会,经营服务用水,,计费
7090,21610484,0021610484,海珠区瑞宝街第五经济社,3114492010,商业,经营服务用水,,计费
7091,21614646,0021614646,广东珠江纺织博览中心有限公司、广东合生泰景房地产有限公司,3114642010,商业,经营服务用水,200.0,计费
7093,21630763,0021630763,广州市白云区京溪街京溪村京三经济合作社,1021042010,商业,经营服务用水,,计费
7094,21550443,0021550443,省邮电学校,2068122010,商业,经营服务用水,,计费
7095,21717068,0021717068,广州市花木公司,1062072010,公共绿化,消防环卫绿化,,计费
7097,21547081,0021547081,中国人民解放军海军兵种指挥学院院务部营房处,4057012010,水疗馆,特种用水,,计费
7100,21706383,0021706383,广东农工商职业技术学院,2028052010,农村/城中村总表民用,居民生活,,计费
7101,21706484,0021706484,广州市金溱物业管理有限公司,1062272010,美容（原特种）,经营服务用水,,计费
7108,21784154,0021784154,广州市嘉裕房地产发展有限公司 广州市白云区同和街同和村民委员会,1021052010,洗车业,特种用水,,计费
7110,21783148,0021783148,广州市天河嘉星汽配供应中心,2068012010,洗车业,特种用水,,计费
7116,21888322,0021888322,广州市东寰房地产有限公司,2068052010,水疗馆,特种用水,,计费
7117,21922549,0021922549,广东天贸（集团）股份有限公司,2018112010,水疗馆,特种用水,,计费
7118,21922552,0021922552,广州市正佳企业有限公司,2018112010,水疗馆,特种用水,,计费
7127,21812301,0021812301,540600部队,1061372010,混合商业,经营服务用水,,计费
7128,21843583,0021843583,棠下村民委员会,2068102010,洗车业,特种用水,,计费
7130,21865086,0021865086,广州市威佰置业发展有限公司,2038012010,美容（原特种）,经营服务用水,,计费
7143,21903843,0021903843,广东华信物业发展有限公司,2058032010,水疗馆,特种用水,,计费
7144,21851142,0021851142,棠涌村委会,4067082010,纤体减肥,经营服务用水,,计费
7149,21920716,0021920716,中山大学（北校区）,1061262010,单位/集体宿舍,居民生活,,计费
7150,21966864,0021966864,中国人民解放军第四二一医院,3114762010,单位/集体宿舍,居民生活,,计费
7156,21865738,0021865738,广州市汽车贸易公司*,2018012010,浴足,经营服务用水,,计费
7157,21815964,0021815964,广州市解决住房困难办公室,2068082010,水疗馆,特种用水,,计费
7162,21851966,0021851966,广州市鹏万房地产有限公司,3105032010,美容（原特种）,经营服务用水,,计费
7165,21966415,0021966415,广州市天河区东圃聚景旅店,2058032010,水疗馆,特种用水,,计费
7171,21817058,0021817058,广州市白云区新市鸿伟酒店,4067082010,水疗馆,特种用水,,计费
7173,21966877,0021966877,中国人民解放军第四二一医院,3114762010,单位/集体宿舍,居民生活,,计费
7192,22164748,0022164748,德安大厦（德安房地产有限公司）,1061202010,（原）特殊,经营服务用水,,计费
7195,22164924,0022164924,广州新江山股份有限公司       ,2068052010,浴足,经营服务用水,,计费
7201,22076999,0022076999,广州越秀城建仲量联行物业服务有限公司,2018092010,水疗馆,特种用水,,计费
7206,21903898,0021903898,广东发展银行广发公司,1061152010,夜总会,经营服务用水,,计费
7212,21869264,0021869264,广州市派可酒吧有限公司,1062332010,夜总会,经营服务用水,,计费
7213,21920729,0021920729,中山大学（北校区）,1061382010,单位/集体宿舍,居民生活,,计费
7214,21978962,0021978962,广州市文华房地产开发有限公司,2068042010,美容（原特种）,经营服务用水,,计费
7216,21851689,0021851689,中国人民解放军驻广州铁路(集团)公司军队代,2068142010,浴足,经营服务用水,,计费
7218,22036070,0022036070,广州华侨大厦企业有限公司华厦大酒店,1062292010,美容（原特种）,经营服务用水,,计费
7221,22050582,0022050582,广州市嘉裕房地产发展有限公司,2018092010,水疗馆,特种用水,,计费
7222,21833869,0021833869,广州建信行房地产有限公司,2068122010,美容（原特种）,经营服务用水,,计费
7223,21833872,0021833872,广州中海地产有限公司,2018082010,美容（原特种）,经营服务用水,,计费
7225,21976894,0021976894,广州棠下经济发展有限公司,2068102010,夜总会,经营服务用水,,计费
7229,22053321,0022053321,梁银妹,3075012010,低保户（旧）,居民生活,,考核
7231,21783164,0021783164,广东省牧业国际合作公司,2058012010,洗车业,特种用水,,计费
7237,22112499,0022112499,中国人民解放军95107部队,1061142010,商业,经营服务用水,,计费
7239,22069522,0022069522,广州市白云区均禾街新科经济联合社,4047022010,商业,经营服务用水,,计费
7242,21845026,0021845026,东村商业城天河区员村石东村民委员会,2068152010,浴足,经营服务用水,,计费
7243,22112444,0022112444,中国人民解放军95107部队,1061142010,居民家庭,居民生活,,计费
7246,22156626,0022156626,广州美洋房地产开发有限公司,2068052010,水疗馆,特种用水,,计费
7248,22165640,0022165640,广州市白云区同和镇京溪村经济联合社,2028032010,水疗馆,特种用水,,计费
7257,22164937,0022164937,广州市银河经济发展有限公司,2028042010,浴足,经营服务用水,,计费
7262,21979112,0021979112,广州溢华房地产开发有限公司,4067112010,美容（原特种）,经营服务用水,,计费
7270,22035341,0022035341,广州中医药大学,3054012010,单位/集体宿舍,居民生活,,计费
7274,22002570,0022002570,广州泉承美容美发有限公司,1062132010,按摩,经营服务用水,,计费
7276,21799668,0021799668,广州合成材料研究院有限公司,2038012010,洗车业,特种用水,,计费
7277,21898613,0021898613,南北市场,4057012010,浴足,经营服务用水,,计费
7279,22165392,0022165392,广州市华美英语实验学校,2038012010,行政,行政事业,,计费
7281,21851878,0021851878,广州市鹏万房地产有限公司,3105032010,美容（原特种）,经营服务用水,,计费
7283,21800030,0021800030,广东粤海房地产开发有限公司,1062332010,建筑业,经营服务用水,,计费
7284,22157094,0022157094,西洲村委会,2096032010,农村/城中村总表民用,居民生活,,计费
7289,22068877,0022068877,广州赛马娱乐总公司,2018062010,洗车业,经营服务用水,,计费
7295,22051817,0022051817,同和村委会,1021022010,商业,经营服务用水,,计费
7296,22053376,0022053376,天河酒精站,1061112010,美容（原特种）,经营服务用水,,计费
7297,21888393,0021888393,广州市天河区东圃黄村经济发展公司,2068052010,水疗馆,特种用水,,计费
7299,21797574,0021797574,天河区棠下村民委员会,2058042010,洗车业,特种用水,,计费
7307,22035615,0022035615,广州市白云区石井街龙湖经济联合社,4057012010,仓储,经营服务用水,,计费
7314,22069506,0022069506,广州市白云区均禾街新科经济联合社,4047022010,商业,经营服务用水,,计费
7317,21914993,0021914993,下沙第八、十一经济社,3044012010,单位/集体宿舍,居民生活,,计费
7320,21891928,0021891928,广州天力物业发展有限公司,4047012010,水疗馆,特种用水,,计费
7324,21781849,0021781849,广东国际大厦,1061152010,浴足,经营服务用水,,计费
7325,21874723,0021874723,广州市天河区城区工业总公司,2068102010,水疗馆,特种用水,,计费
7330,22024435,0022024435,中铁建工集团有限公司,4047052010,建筑业,经营服务用水,100.0,计费
7332,22035354,0022035354,广州中医药大学,3054012010,单位/集体宿舍,居民生活,,计费
7334,21899065,0021899065,广州市银河股份合作经济联社,1021052010,洗车业,特种用水,,计费
7336,22216713,0022216713,广州海员医院,3114552010,无优惠福利机构,行政事业,,计费
7337,22053839,0022053839,华南师范大学,3054012010,单位/集体宿舍,居民生活,,计费
7342,22079057,0022079057,广州瑞华房地产开发有限公司,2018062010,浴足,经营服务用水,,计费
7346,22112473,0022112473,中国人民解放军95107部队,1061142010,其他工业,工业用水,,计费
7351,22050654,0022050654,广州军区司令部老干部住房建设办公室,3114722010,商业,经营服务用水,,计费
7362,21782204,0021782204,广州华储房地产开发有限公司,1061152010,美容（原特种）,经营服务用水,,计费
7363,21783656,0021783656,广州标微汽车维修中心,2068182010,洗车业,特种用水,,计费
7366,21851908,0021851908,广州市鹏万房地产有限公司,3105032010,美容（原特种）,经营服务用水,,计费
7368,22036083,0022036083,广州华侨大厦企业有限公司华厦大酒店,1062292010,美容（原特种）,经营服务用水,,计费
7375,21970522,0021970522,省环保学校,2068172010,单位/集体宿舍,居民生活,,计费
7386,21978643,0021978643,广州市三九国裕房地产开发有限公司,1062072010,建筑业,经营服务用水,,计费
7391,22165406,0022165406,广州市华美英语实验学校,2038012010,单位/集体宿舍,居民生活,,计费
7404,22233497,0022233497,王玲  ,1021012010,（原）特殊,经营服务用水,,计费
7405,22233295,0022233295,广州市侨鹏房地产发展有限公司,2018142010,夜总会,经营服务用水,,计费
7412,22233716,0022233716,西朗医疗卫生所,3065162010,水疗馆,特种用水,,计费
7414,22233484,0022233484,郭秋雅,1021012010,（原）特殊,经营服务用水,,计费
7415,22233569,0022233569,广东省工人医院,3044012010,无优惠福利机构,行政事业,,计费
7416,22241391,0022241391,广州东风南方汽车销售服务有限公司黄埔分公司,2076012010,洗车业,特种用水,,计费
7417,22334842,0022334842,广州海都房地产开发有限公司,2068142010,（原）特殊,经营服务用水,,计费
7418,22234618,0022234618,广州市天建房地产开发有限公司,2018082010,夜总会,经营服务用水,,计费
7422,22390165,0022390165,新机场,4017012010,商业,经营服务用水,,计费
7423,22457136,0022457136,广州荔旭房地产开发有限公司,3065152010,建筑业,经营服务用水,,计费
7426,22310516,0022310516,天河区石牌三骏企业集团有限公司,2018062010,（原）特殊,特种用水,,
7433,22233875,0022233875,广州本田汽车有限公司,2076022010,其他工业,工业用水,,计费
7441,22387309,0022387309,陈丽鸣,3105032010,低保户（旧）,居民生活,,考核
7442,22390237,0022390237,新机场,4017012010,居民（旧）,居民生活,,计费
7445,22577317,0022577317,沙河经济发展公司(宿舍)*,2028022010,商业,经营服务用水,,计费
7450,22599849,0022599849,沙东村民委会,2018132010,水疗馆,特种用水,,计费
7468,22577245,0022577245,广州瑞华房地产开发有限公司,2018062010,美容（原特种）,经营服务用水,,计费
7478,22459477,0022459477,广州市荔湾区东漖街东漖股份经济合作社,3065102010,建筑业,经营服务用水,,计费
7479,22524762,0022524762,广州市天河区吉山经济发展公司,2076022010,洗车业,特种用水,,计费
7506,22298759,0022298759,广州市怡康物业管理有限公司,3065102010,美容（原特种）,经营服务用水,,计费
7519,22583374,0022583374,恒果房地产,3065012010,美容（原特种）,经营服务用水,,计费
7522,22457123,0022457123,广州荔骏房地产开发有限公司,3065152010,建筑业,经营服务用水,,计费
7524,22584393,0022584393,广州金通泰房地产开发有限公司,1062142010,建筑业,经营服务用水,,计费
7527,22577489,0022577489,保利房地产（集团）股份有限公司,2018092010,洗车业,特种用水,,计费
7530,22599836,0022599836,沙东村民委会,2018132010,洗车业,特种用水,,计费
7537,22390110,0022390110,新机场,4017012010,行政,行政事业,,计费
7538,22390208,0022390208,新机场,4017012010,公共绿化,消防环卫绿化,,计费
7542,22642383,0022642383,广州市海珠区瑞宝街瑞宝第五经济合作社,3114322010,建筑业,经营服务用水,100.0,计费
7551,22688691,0022688691,广东广佛轨道交通有限公司,3114752010,建筑业,经营服务用水,150.0,计费
7552,22493705,0022493705,永平街永泰村第七经济合作社(哥聚量版KTV),4047092010,商业,经营服务用水,,计费
7553,22493718,0022493718,永平街永泰村第七经济合作社,4047092010,夜总会,经营服务用水,,计费
7567,22536958,0022536958,广州瑞华房地产开发有限公司,2018062010,美容（原特种）,经营服务用水,,计费
7568,22536974,0022536974,广州瑞华房地产开发有限公司,2018062010,美容（原特种）,经营服务用水,,计费
7576,22653505,0022653505,广州市正林房地产开发有限公司,3065152010,建筑业,经营服务用水,,计费
7577,22653518,0022653518,广州城西横沙企业集团有限公司,3105032010,建筑业,经营服务用水,,计费
7595,22457312,0022457312,广州市黄埔区威水休闲美食中心,2076082010,水疗馆,特种用水,,计费
7601,22518662,0022518662,广州体育学院,2018152010,洗车业,特种用水,,计费
7605,22355182,0022355182,广州市朝兴饮食服务有限公司,2068172010,水疗馆,特种用水,,计费
7613,22562803,0022562803,广州中海地产有限公司,2018062010,洗车业,经营服务用水,,计费
7615,22641061,0022641061,广州中海地产有限公司,3105012010,美容（原特种）,经营服务用水,,计费
7617,22641104,0022641104,广州中海地产有限公司,3105012010,美容（原特种）,经营服务用水,,计费
7633,22563242,0022563242,翡翠沐足养生会所,4047092010,浴足,经营服务用水,,计费
7641,22585875,0022585875,纺织局东圃仓库,2068032010,夜总会,经营服务用水,,计费
7644,22519492,0022519492,广州市白云区永平街永泰村第十四经济合作社,4047082010,水疗馆,特种用水,,计费
7646,22525996,0022525996,广州市信诚房地产开发有限公司,2018142010,水疗馆,特种用水,,计费
7647,22576239,0022576239,纺织局东圃仓库,2068032010,浴足,经营服务用水,,计费
7655,22581802,0022581802,广州汇都休闲会所有限公司,4077022010,水疗馆,特种用水,,计费
7661,22642963,0022642963,冠华塑料厂,2068102010,洗车业,特种用水,,计费
7662,22642976,0022642976,上元岗村委,2028022010,水疗馆,特种用水,,计费
7667,22536961,0022536961,广州瑞华房地产开发有限公司,2018062010,美容（原特种）,经营服务用水,,计费
7668,22536990,0022536990,广州瑞华房地产开发有限公司,2018062010,美容（原特种）,经营服务用水,,计费
7669,22537007,0022537007,广州瑞华房地产开发有限公司,2018062010,（原）特殊,特种用水,,
7680,22688792,0022688792,欧派家居集团股份有限公司,4027012010,建筑业,经营服务用水,,计费
7697,22686334,0022686334,广州荔安房地产开发有限公司,3065152010,建筑业,经营服务用水,,计费
7698,22686347,0022686347,广州市振发房地产开发有限公司,3065152010,建筑业,工业用水,,计费
7724,26285030,0026285030,广州市冶金工业供销公司,4067082010,美容（原特种）,经营服务用水,,计费
7737,25980006,0025980006,广州市海珠区民政局 (84251787),3114742010,优惠福利机构,行政事业,,计费
7746,25997008,0025997008,沙东村民委会,2018132010,夜总会,经营服务用水,,计费
7752,25374067,0025374067,广州锦日物业服务有限公司,3085012010,美容（原特种）,经营服务用水,,计费
7762,26243098,0026243098,广州市交通委员会（美容）,2018102010,水疗馆,特种用水,,计费
7763,26506018,0026506018,保利房地产（集团）有限公司,3014022010,公共消防,消防环卫绿化,150.0,计费
7765,26296018,0026296018,广州麓湖高尔夫球乡村俱乐部,1062072010,居民家庭,居民生活,,计费
7780,26337252,0026337252,中国人民解放军海军装备部广州地区军事代表局,04G320000,城市居民（旧）,居民生活,,计费
7798,27338012,0027338012,广州市东建实业集团有限公司,3114512010,建筑业,施工用水,100.0,计费
7802,26918017,0026918017,广州钱阳餐饮有限公司,1061122010,（原）其他特种,经营服务用水,,计费
7814,26629025,0026629025,海登斯美容院,2018062010,美容（原特种）,经营服务用水,,计费
7815,26629012,0026629012,天河区石牌三骏企业集团有限公司（凯林美甲）,2018062010,美容（原特种）,经营服务用水,,计费
7816,26918020,0026918020,广州钱阳餐饮有限公司,1061122010,（原）其他特种,经营服务用水,,计费
7822,27207026,0027207026,广州市文华房地产开发有限公司,2068042010,水疗馆,经营服务用水,,计费
7825,27099562,0027099562,中煤第三建设(集团)有限责任公司广州分公司,4077022010,单位/集体宿舍,居民生活,,计费
7835,25253955,0025253955,广州市宏仁投资有限公司,1062222010,建筑业,经营服务用水,,计费
7856,27696037,0027696037,广州完全房地产物业管理有限公司,1061112010,美容（原特种）,经营服务用水,,计费
7857,27503531,0027503531,广州市番禺信息技术投资发展有限公司,3054012010,建筑业,施工用水,100.0,计费
7862,27636044,0027636044,高成（广州）物业管理有限公司高志大厦分公司,2018062010,夜总会,经营服务用水,,计费
7872,25632011,0025632011,广州市番禺区教育局,3054012010,建筑业,施工用水,100.0,计费
7891,26145062,0026145062,广州市番禺信息技术投资发展有限公司,3054012010,建筑业,施工用水,100.0,计费
7892,27585027,0027585027,鹤边村第五经济合作社,4047062010,其他工业,工业用水,,计费
7896,27157275,0027157275,广州荔璟房地产开发有限公司,3065152010,建筑业,施工用水,,计费
7909,27237029,0027237029,广州方兴房地产建设有限公司,1063402010,建筑业,经营服务用水,,计费
7920,25632008,0025632008,广州市番禺区教育局,3054012010,建筑业,施工用水,100.0,计费
7954,28083102,0028083102,广州荔骏房地产开发有限公司,3065152010,商业,经营服务用水,200.0,计费
7978,25476008,0025476008,广州市星健星穗房地产有限公司,3014012010,建筑业,施工用水,100.0,计费
7981,27636031,0027636031,广州市德孚物业代理有限公司,2068032010,夜总会,经营服务用水,,计费
7985,27707207,0027707207,广州市养元沐足有限公司,1062022010,浴足,经营服务用水,,计费
7991,27153013,0027153013,广州市少年宫,1063232010,洗车业,特种用水,,计费
7997,28144058,0028144058,广州供电局有限公司,3014012010,建筑业,施工用水,100.0,计费
8000,26199069,0026199069,广州体育大厦有限公司,1062092010,建筑业,经营服务用水,,计费
8085,28565042,0028565042,广州市海珠区园林绿化所,3014022010,公共绿化,消防环卫绿化,100.0,计费
8093,28592118,0028592118,广州市海珠区官洲街仑头经济联合社,04G120000,居民（旧）,居民生活,,计费
8099,28247018,0028247018,广州地铁集团有限公司,4067012010,其他工业,施工用水,,计费
8145,28944108,0028944108,广州市继丰房地产开发有限公司,4057012010,其他工业,施工用水,,计费
8169,29862102,0029862102,王慧萍（低保）,1063412010,居民家庭,居民生活,15.0,计费
8186,29758180,0029758180,许子荻,1062292010,居民家庭,居民生活,20.0,考核
8215,29649091,0029649091,广州市康逸局健康休闲有限公司,2018082010,（原）特殊,经营服务用水,,计费
8274,32290181,0032290181,中油阳光物业管理有限公司广州分公司,2068142010,洗车业,特种用水,,计费
8327,31407120,0031407120,广州市白云区同和镇京溪村麦地经济合作社,1021052010,商业,经营服务用水,,计费
8329,31329138,0031329138,广州市富昌房地产开发有限公司,2058012010,商业,经营服务用水,,计费
8339,31223690,0031223690,中国人民解放军广东省军区保障局,1061172010,居民家庭,居民生活,,计费
8364,32362103,0032362103,广东长城酒店有限公司,1061302010,水疗馆,特种用水,,计费
8377,32370094,0032370094,广州天伦物业管理有限公司,1062302010,美容（原特种）,经营服务用水,,计费
8399,32822090,0032822090,粤海物业管理有限公司越秀分公司,1062292010,（原）特殊,经营服务用水,,计费
8402,32898095,0032898095,广州市文阜物业管理有限公司,1062302010,美容（原特种）,经营服务用水,,计费
8403,32957091,0032957091,国泰宾馆,1061192010,（原）特殊,经营服务用水,,计费
8407,32997112,0032997112,李建南（低保）,1063412010,居民家庭,居民生活,15.0,考核
8410,33159094,0033159094,广州市海珠区官洲街仑头经济联合社,3024012010,居民家庭,居民生活,,计费
8425,33195113,0033195113,广州市海珠区华洲街土华经济联合社,3034012010,商业,经营服务用水,,计费
8426,33195139,0033195139,广州市海珠区华洲街土华经济联合社,3034012010,商业,经营服务用水,,计费
8427,33195126,0033195126,广州市海珠区华洲街土华经济联合社,3034012010,商业,经营服务用水,,计费
8429,33170187,0033170187,李瑞霞（低保）,1063412010,居民家庭,居民生活,15.0,计费
8440,33195096,0033195096,广州市海珠区华洲街土华经济联合社,3034012010,商业,经营服务用水,,计费
8457,33237099,0033237099,广州壹心贸易有限公司宾馆,4067092010,洗车业,特种用水,,计费
8479,34343236,0034343236,龚国栋,1021042010,居民家庭,居民生活,,计费
8497,34947106,0034947106,广州旭明物业管理有限公司越秀区第二分公司,1062172010,（原）特殊,经营服务用水,,计费
8500,34934092,0034934092,马顺锦,1021042010,居民家庭,居民生活,,计费
8553,35898098,0035898098,保利物业发展股份有限公司广州分公司,1061212010,（原）特殊,经营服务用水,,计费
8570,35995106,0035995106,陈炳权（低保）,1063412010,居民家庭,居民生活,15.0,计费
8574,35902111,0035902111,李就成（低保）,1063412010,居民家庭,居民生活,15.0,计费
8575,35902124,0035902124,张杏算（低保）,1063412010,居民家庭,居民生活,15.0,计费
8578,36190632,0036190632,陈润添（低保）,1063412010,居民家庭,居民生活,15.0,计费
8579,36190645,0036190645,杜燕眉（低保）,1063412010,居民家庭,居民生活,15.0,计费
8582,36347096,0036347096,彭信安,1021042010,居民家庭,居民生活,,计费
8586,35936099,0035936099,广州市同和石桥头实业有限公司,1021052010,商业,经营服务用水,,计费
8587,35935096,0035935096,广州市同和石桥头实业有限公司,1021022010,商业,经营服务用水,,计费
8591,37356095,0037356095,华南理工大学,3054012010,商业,经营服务用水,,计费
8592,37354099,0037354099,华南理工大学,3054012010,商业,经营服务用水,,计费
8594,37217121,0037217121,姚甜瑞,1021042010,居民家庭,居民生活,,计费
8595,37489104,0037489104,谭炳强（低保）,1063412010,居民家庭,居民生活,15.0,计费
8596,37490108,0037490108,陈小平,1021042010,居民家庭,居民生活,,计费
